Station,Setup_date,Retrieval_date,Latitude,Longitude,Patch ID,Raw_Parea_d80_km,PatchSize,C_Function,Duration,Human_Ratio,AgAnimal_Ratio,D_2_PA,HMI,VNL_2,P_Area_log,D_2_Core,Canopy,Elev,NPP,Precip
Agalta_2021_1,7/18/2021,10/3/2021,14.9384,-85.9068,1180,861,3_Large,1,0.133197483,-0.371016935,-0.194890231,-0.363661862,-0.336727758,-0.261630577,0.670769813,-0.502083145,-0.312252471,0.924277609,0.972587339,-0.218246748
Agalta_2021_2,7/18/2021,10/3/2021,14.9456,-85.9123,1180,861,3_Large,1,0.133197483,-0.371016935,-0.194890231,-0.363661862,-0.525945796,-0.341763719,0.670769813,-0.502083145,0.098172839,1.469596123,0.621530355,-0.218246748
Agalta_2021_3,7/18/2021,10/3/2021,14.9474,-85.9141,1180,861,3_Large,1,0.133197483,-0.371016935,-0.194890231,-0.363661862,-0.525945796,-0.341763719,0.670769813,-0.502083145,0.098172839,1.469596123,1.372980777,-0.13892158
Agalta_2021_4,7/18/2021,10/3/2021,14.9514,-85.9168,1180,861,3_Large,1,0.133197483,-0.371016935,-0.194890231,-0.363661862,-0.582712381,-0.341763719,0.670769813,-0.502083145,0.064939457,1.845708384,1.372980777,-0.124309049
Agalta_2021_5,7/19/2021,10/4/2021,14.9413,-85.9049,1180,861,3_Large,3,0.133197483,-0.168686169,-0.194890231,-0.363661862,-0.336727758,-0.261630577,0.670769813,-0.502083145,-0.047144139,1.089164055,0.972587339,-0.404034643
Agalta_2021_7,7/19/2021,9/24/2021,14.9279,-85.8985,1180,861,3_Large,1,-0.226526332,-0.457083008,-0.194890231,-0.363661862,-0.000469065,-0.239891909,0.670769813,-0.502083145,-0.78257377,0.485805507,1.1819703,-0.385247103
Betulia_2022_8,3/30/2022,5/26/2022,15.8836,-86.1062,34,7,1_Small,1,-0.586250148,-0.436685693,-0.194890231,3.508225912,-0.029968675,-0.409116021,-1.489118399,3.883634446,0.013383752,-0.602636001,0.876210991,-0.351847032
Botaderos_2020_10,8/29/2020,12/17/2020,15.4244,-86.1266,621,614,3_Large,1,1.320286075,-0.431716165,-0.194890231,-0.363661862,-0.277885108,-0.590064311,0.519018086,-0.502083145,1.232150035,0.800443239,0.532914798,-0.731772839
Botaderos_2020_13,8/30/2020,12/18/2020,15.4417,-86.1481,621,614,3_Large,1,1.320286075,-0.290084629,-0.194890231,-0.363661862,-0.210169249,-0.478790908,0.519018086,-0.502083145,0.800748291,0.207629709,0.899889321,-1.305836558
Botaderos_2020_2,7/28/2020,11/28/2020,15.521,-86.1293,621,614,3_Large,1,1.787927036,-0.446685352,-0.194890231,-0.175418341,-0.117136156,-0.260726193,0.519018086,-0.255560265,-0.637004094,-0.421788507,0.798365511,-1.399774258
Botaderos_2020_3,7/28/2020,9/10/2020,15.5269,-86.1343,621,614,3_Large,1,-1.053891108,-0.396308281,-0.194890231,-0.036135492,-0.053087663,-0.019976264,0.519018086,-0.247794158,-0.637004094,-0.421788507,0.202368475,-1.41021178
Botaderos_2020_4,8/25/2020,11/28/2020,15.5027,-86.1522,621,614,3_Large,2,0.780700352,-0.409353291,-0.194890231,-0.363661862,-0.17075791,-0.090504614,0.519018086,-0.502083145,0.473848579,-0.258765324,0.22216641,-1.345499143
Botaderos_2020_5,8/31/2020,11/28/2020,15.5107,-86.1312,621,614,3_Large,2,0.564866062,-0.310772382,-0.194890231,-0.363661862,-0.155778832,-0.193995006,0.519018086,-0.353544903,0.189027615,-0.116683378,0.546694161,-1.35384916
Botaderos_2020_6,8/28/2020,12/16/2020,15.4351,-86.1426,621,614,3_Large,1,1.320286075,-0.431716165,-0.194890231,-0.363661862,-0.236114634,-0.478790908,0.519018086,-0.502083145,0.516432724,0.06301586,1.0563722,-1.128398681
Botaderos_2020_8,8/29/2020,9/19/2020,15.4313,-86.134,621,614,3_Large,3,-1.881255885,-0.202407964,-0.194890231,-0.363661862,-0.250722525,-0.504891296,0.519018086,-0.495944953,0.952509849,0.47839623,0.885476425,-0.882073158
Botaderos_2020_9,8/29/2020,12/17/2020,15.4326,-86.1238,621,614,3_Large,1,1.320286075,-0.431716165,-0.194890231,-0.363661862,-0.259849387,-0.590064311,0.519018086,-0.502083145,0.319054645,0.611381892,0.626677818,-0.790222963
CapiroyCalentura_2020_1,8/19/2020,11/25/2020,15.8962,-85.9423,51,68,2_Medium,1,0.888617496,-0.414373528,-0.194890231,-0.363661862,-0.141442814,0.216664266,-0.468642831,4.117956512,0.826273602,-0.472693538,0.496961748,-0.811098008
CapiroyCalentura_2020_13,8/23/2020,11/27/2020,15.8704,-85.8786,51,68,2_Medium,1,0.816672733,2.591231937,-0.074420579,0.46081633,0.738716586,-0.335669043,-0.468642831,3.866419196,-0.293803641,-1.04109512,0.998403846,-0.262084341
CapiroyCalentura_2020_2,8/20/2020,11/26/2020,15.8869,-85.9445,51,68,2_Medium,1,0.888617496,-0.414373528,-0.194890231,-0.363661862,-0.332836267,0.001830537,-0.468642831,4.008410293,0.933176421,0.070373201,-0.064349306,-1.092911106
CapiroyCalentura_2020_3,8/20/2020,11/26/2020,15.8797,-85.9509,51,68,2_Medium,2,0.888617496,-0.414373528,-0.194890231,-0.363661862,-0.37067564,-0.192218987,-0.468642831,3.923883816,0.917128379,-0.122893999,-0.064349306,-1.059511035
CapiroyCalentura_2020_4,8/20/2020,10/27/2020,15.8731,-85.9604,51,68,2_Medium,1,-0.190553951,-0.344237864,-0.194890231,-0.363661862,-0.334358395,-0.126726971,-0.468642831,3.848770398,1.176424031,0.370577724,0.283777584,-1.065773548
CapiroyCalentura_2020_5,8/20/2020,10/27/2020,15.8834,-85.954,51,68,2_Medium,1,-0.190553951,-0.229682944,-0.194890231,-0.363661862,-0.377909474,-0.192218987,-0.468642831,3.967932998,0.870247743,-0.122893999,-0.177831069,-1.059511035
CapiroyCalentura_2020_6,8/21/2020,11/27/2020,15.9135,-85.9296,51,68,2_Medium,1,0.888617496,-0.334886442,-0.194890231,-0.304518336,1.118401477,2.65669677,-0.468642831,4.322658517,0.417238288,-0.920137748,0.902423457,-0.103434004
CapiroyCalentura_2020_7,8/21/2020,11/27/2020,15.9018,-85.9171,51,68,2_Medium,1,0.888617496,-0.414373528,-0.194890231,-0.363661862,0.109686328,0.011603564,-0.468642831,4.189879429,0.684368517,-0.565327828,1.02817994,-0.946785796
CapiroyCalentura_2020_8,8/21/2020,10/13/2020,15.908,-85.9201,51,68,2_Medium,1,-0.730139674,-0.426371579,-0.194890231,-0.363661862,0.109686328,0.672860222,-0.468642831,4.261204883,0.684368517,-0.826905522,0.694069989,-0.748472874
Cortes_2019_1,6/10/2019,8/13/2019,15.748,-87.9427,122,48,2_Medium,1,-0.334443477,-0.086489296,-0.194890231,3.169112547,0.429462251,1.344417098,-0.624975895,0.982414184,-0.74908769,-0.715204778,-0.232869329,0.025991271
Cortes_2019_2,6/10/2019,7/6/2019,15.7547,-87.9407,122,48,2_Medium,2,-1.701393977,0.025862644,-0.194890231,3.169273948,0.429462251,1.103622127,-0.624975895,1.033542182,-0.74908769,-0.897213511,-0.429660803,0.297366847
Cortes_2019_3,6/11/2019,7/10/2019,15.6945,-87.9746,163,16,1_Small,1,-1.593476832,1.038321504,1.40029413,3.019941254,1.140906788,1.011702132,-1.118074155,0.414741875,0.321455432,-0.515887324,0.260495212,-0.234946784
Cortes_2019_4,6/11/2019,8/12/2019,15.6995,-87.9726,163,16,1_Small,3,-0.40638824,3.698442182,0.364710734,3.21145474,1.140906788,0.824764724,-1.118074155,0.46373584,0.321455432,-0.545207006,0.319255483,-0.193196695
Cortes_2019_5,6/12/2019,8/12/2019,15.7141,-87.9615,163,16,1_Small,1,-0.442360622,-0.317946571,-0.194890231,3.194125652,0.970533609,0.729978339,-1.118074155,0.663493953,-0.919171729,-0.727991347,0.623272573,-0.13892158
Cortes_Omoa_2020_10,1/15/2020,6/29/2020,15.7659,-87.9641,107,48,2_Medium,2,2.759181338,3.086888988,-0.194890231,2.293326253,0.904459501,1.687489501,-0.624975895,0.861209475,-1.555154226,-1.086677817,-0.690597586,0.72739276
Cortes_Omoa_2020_12,1/16/2020,3/26/2020,15.7255,-88.0569,129,15,1_Small,1,-0.118609188,-0.46206578,-0.194890231,1.156421652,-0.096167016,0.336729602,-1.147041456,-0.217637355,-0.045627638,-0.548591052,-0.160250503,-0.011583809
Cortes_Omoa_2020_13,1/16/2020,4/18/2020,15.7574,-88.0209,99,2,1_Small,1,0.708755589,-0.489587116,-0.194890231,0.638075819,0.880259431,0.595199964,-2.051405246,0.311643132,-0.91613904,-0.87628101,0.350852987,0.428879626
Cortes_Omoa_2020_14,1/16/2020,4/27/2020,15.7756,-87.9669,87,1,1_Small,2,1.032507023,0.113981813,-0.081507029,2.158612644,1.933266306,5.908188906,-2.362515609,0.901637382,-1.990093898,-1.119979469,-1.516884202,0.894393115
Cortes_Omoa_2020_16,1/17/2020,3/4/2020,15.6644,-88.1365,353,563,3_Large,1,-0.945973964,-0.241869638,-0.194890231,-0.363661862,-0.008079561,0.664098637,0.480097018,-0.502083145,-1.065120451,-1.139316019,0.007873561,-0.032458854
Cortes_Omoa_2020_17,1/17/2020,4/16/2020,15.7431,-87.9907,106,2,1_Small,1,0.600838444,-0.313689885,-0.194890231,1.757227728,0.917448758,2.029589326,-2.051405246,0.462413556,-1.165452184,-0.568840418,-0.406536815,0.088616404
Cortes_Omoa_2020_2,1/13/2020,4/8/2020,15.7788,-87.8542,91,48,2_Medium,1,0.456948918,-0.392191085,-0.194890231,0.256441747,4.384079086,6.839536704,-0.624975895,2.05374255,-2.854034371,-1.183697043,-4.156186516,0.067741359
Cortes_Omoa_2020_4,1/13/2020,5/5/2020,15.8089,-87.8633,91,48,2_Medium,1,1.42820322,-0.228669184,1.13560646,0.08752486,1.275750542,5.335681053,-0.624975895,2.107223969,-0.938252459,-0.970402915,0.305159353,0.631367556
Cortes_Omoa_2020_5,1/13/2020,8/2/2020,15.7484,-87.9229,122,48,2_Medium,2,2.759181338,-0.496221617,-0.194890231,2.840550638,0.612787238,1.030283525,-0.624975895,1.196239566,-0.739231531,-0.618589946,0.37144284,-0.061683916
Cortes_Omoa_2020_6,1/18/2020,3/29/2020,15.7914,-87.9093,91,48,2_Medium,1,-0.082636806,0.08493972,0.130886857,1.723598494,1.368060561,4.22213134,-0.624975895,1.549904609,-0.668973985,-0.924945882,0.217098138,1.015468372
Cortes_Omoa_2020_8,1/14/2020,2/16/2020,15.7806,-87.8643,91,48,2_Medium,1,-1.449587306,0.842967661,-0.194890231,0.566303849,1.029969841,3.887398049,-0.624975895,1.95419371,-1.642217907,-0.726073268,0.139965384,-0.097171491
Cortes_Omoa_2020_9,1/15/2020,5/20/2020,15.7492,-87.9566,117,48,2_Medium,1,1.89584418,-0.449701122,-0.194890231,2.700553614,0.532140889,1.289542576,-0.624975895,0.84168367,-0.690708358,-0.719121768,-0.199054456,0.314066882
CueroySalado_2020_1,7/24/2020,10/3/2020,15.7687,-87.0221,92,4,1_Small,1,-0.082636806,-0.353918561,-0.032001687,-0.363661862,-0.69441939,-0.223845356,-1.740294882,0.615761,-1.649420582,-1.241196821,1.194561786,1.144893647
CueroySalado_2020_2,7/24/2020,10/3/2020,15.7599,-87.0037,92,4,1_Small,1,-0.082636806,-0.353918561,-0.194890231,-0.363661862,-0.536433923,-0.089301728,-1.740294882,0.42887532,-2.333420856,-1.242319057,1.092166866,1.184556232
CueroySalado_2020_3,7/25/2020,10/4/2020,15.7633,-87.0492,101,4,1_Small,2,-0.082636806,-0.353918561,-0.194890231,-0.363661862,-0.761053848,-0.337988508,-1.740294882,0.741953468,-1.507894543,-1.242092299,1.103095327,1.11775609
CueroySalado_2020_5,7/25/2020,10/3/2020,15.7745,-87.0717,109,3,1_Small,3,-0.118609188,-0.239501938,-0.194890231,-0.363661862,-0.770362307,-0.369979893,-1.869417349,0.984478208,-1.213343612,-1.239389979,1.184346052,1.115668585
CueroySalado_2020_6,7/25/2020,10/1/2020,15.7647,-87.0792,109,3,1_Small,1,-0.190553951,-0.344237864,-0.194890231,-0.363661862,-0.72693528,-0.299053481,-1.869417349,0.941135203,-0.835772481,-1.236170592,1.159083887,1.044693434
CueroySalado_2020_7,7/26/2020,9/20/2020,15.7847,-87.145,88,1,1_Small,1,-0.62222253,-0.4342453,-0.194890231,-0.363661862,-0.668455797,-0.45144547,-2.362515609,1.553448208,-2.657540696,-1.249153573,-0.295457407,1.040518426
CueroySalado_2020_9,7/26/2020,10/3/2020,15.7467,-87.0008,92,4,1_Small,1,-0.154581569,-0.347558296,-0.194890231,-0.363661862,0.311410805,-0.103384895,-1.740294882,0.273368614,-1.851600548,-1.23803954,1.151639863,1.203343771
Cusuco_2014_1,2/20/2014,3/28/2014,15.5064,-88.2341,370,563,3_Large,1,-1.341670161,0.292178353,-0.194890231,-0.363661862,0.087059304,-0.333716572,0.480097018,-0.502083145,0.736935326,1.779021249,-0.213863311,-0.222421757
Cusuco_2014_10,2/23/2014,4/10/2014,15.5147,-88.2421,370,563,3_Large,1,-0.981946345,-0.234663593,-0.194890231,-0.363661862,0.103520179,-0.267686509,0.480097018,-0.502083145,0.770547599,1.775782979,-0.205706562,-0.205721722
Cusuco_2014_11,2/22/2014,4/12/2014,15.5063,-88.2212,370,563,3_Large,1,-0.874029201,-0.255399355,-0.194890231,-0.363661862,0.091728315,-0.340185382,0.480097018,-0.502083145,0.730743444,1.653651455,-0.372959517,-0.20989673
Cusuco_2014_12,2/21/2014,4/10/2014,15.5233,-88.2327,370,563,3_Large,1,-0.910001582,-0.248775431,-0.194890231,-0.363661862,0.100309415,-0.219743094,0.480097018,-0.502083145,0.990544805,2.025982279,-0.557080313,-0.197371704
Cusuco_2014_4,2/21/2014,4/10/2014,15.5165,-88.2296,370,563,3_Large,1,-0.910001582,-0.248775431,-0.194890231,-0.363661862,0.094326628,-0.287183081,0.480097018,-0.502083145,0.944801779,2.017753931,-0.557080313,-0.197371704
Cusuco_2014_5,2/23/2014,4/11/2014,15.4882,-88.2307,370,563,3_Large,1,-0.945973964,-0.241869638,-0.194890231,-0.363661862,0.092053842,-0.35601512,0.480097018,-0.502083145,0.955163335,0.911738095,-0.351736131,-0.226596766
Cusuco_2014_6,2/22/2014,4/4/2014,15.4997,-88.2186,370,563,3_Large,1,-1.161808253,-0.383354177,-0.194890231,-0.363661862,0.095309259,-0.372819893,0.480097018,-0.502083145,0.77977217,1.653651455,-0.217268556,-0.224509262
Cusuco_2014_7,2/22/2014,3/18/2014,15.4858,-88.2374,370,563,3_Large,1,-1.77333874,-0.248775431,-0.194890231,-0.363661862,0.078919538,-0.417840481,0.480097018,-0.502083145,0.640015173,0.716720336,-0.351736131,-0.145184093
Cusuco_2014_8,2/23/2014,4/1/2014,15.5046,-88.2356,370,563,3_Large,1,-1.30569778,-0.362814337,-0.194890231,-0.363661862,0.087059304,-0.333716572,0.480097018,-0.502083145,0.736935326,1.779021249,-0.213863311,-0.220334253
Cusuco_2014_9,2/21/2014,3/25/2014,15.5202,-88.2321,370,563,3_Large,1,-1.485559687,-0.329918499,-0.194890231,-0.363661862,0.100309415,-0.287183081,0.480097018,-0.502083145,0.990544805,2.025982279,-0.557080313,-0.197371704
Cusuco_2019_10,6/24/2019,7/25/2019,15.5295,-88.2811,370,563,3_Large,1,-1.521532069,0.43177933,-0.194890231,-0.363661862,0.212460463,-0.196479947,0.480097018,-0.502083145,0.566346048,1.168656432,-0.031722309,-0.088821473
Cusuco_2019_6,6/29/2019,7/26/2019,15.5141,-88.2867,370,563,3_Large,1,-1.665421595,0.003669668,-0.194890231,-0.363661862,0.182137889,-0.119078307,0.480097018,-0.502083145,0.940631793,1.270583421,0.428144126,-0.118046535
Cusuco_2019_7,6/28/2019,7/25/2019,15.5223,-88.2717,370,563,3_Large,1,-1.665421595,0.003669668,-0.194890231,-0.363661862,0.150389908,-0.131758747,0.480097018,-0.502083145,-0.039436069,1.206005021,-0.109171831,-0.151446606
Cusuco_2019_8,6/28/2019,7/25/2019,15.5191,-88.2748,370,563,3_Large,1,-1.665421595,-0.284839017,-0.194890231,-0.363661862,0.152093741,-0.153933203,0.480097018,-0.502083145,0.734660732,1.207336733,-0.109171831,-0.151446606
Cusuco_2019_9,6/29/2019,7/26/2019,15.5195,-88.287,370,563,3_Large,1,-1.665421595,0.003669668,-0.194890231,-0.363661862,0.182137889,-0.119078307,0.480097018,-0.502083145,0.528184587,0.946284638,-1.040704269,-0.105521509
Cusuco_2021_1,4/18/2021,6/29/2021,15.5099,-88.2358,370,563,3_Large,1,-0.046664424,0.508559867,-0.194890231,-0.363661862,0.087059304,-0.333716572,0.480097018,-0.502083145,0.944801779,2.017753931,-0.558426572,-0.222421757
Cusuco_2021_2,5/28/2021,7/2/2021,15.4806,-88.216,370,563,3_Large,1,-1.377642543,-0.128220016,-0.194890231,-0.363661862,0.139390833,-0.298905039,0.480097018,-0.502083145,0.294666631,1.099514002,-0.004559542,-0.224509262
Cusuco_2021_4,9/29/2021,12/6/2021,15.5036,-88.2326,370,563,3_Large,1,-0.190553951,-0.344237864,-0.194890231,-0.363661862,0.087059304,-0.333716572,0.480097018,-0.502083145,0.736935326,1.779021249,-0.213863311,-0.224509262
DINANT_2020_10,8/22/2020,10/31/2020,15.9393,-85.8089,51,68,2_Medium,1,-0.118609188,-0.46206578,-0.194890231,-0.289364073,1.033243119,-0.344014092,-0.468642831,4.830385348,-2.275546841,-1.238955238,-1.641532001,0.199254139
DINANT_2020_9,8/22/2020,11/25/2020,15.9571,-85.8145,51,68,2_Medium,1,0.780700352,0.328621556,-0.194890231,-0.363661862,0.71671469,-0.320091685,-0.468642831,5.015511761,-2.713013806,-1.254163916,-1.333080174,0.291104334
ElCajon_2020_1,7/8/2019,9/18/2019,15.032,-87.7403,935,9,1_Small,1,-0.046664424,-0.356966188,6.230157891,-0.357071044,1.449947082,2.031917848,-1.376319089,1.356494102,-1.578531291,-0.614610843,-1.061056547,-0.32262197
ElCajon_2020_10,7/10/2019,9/18/2019,15.0056,-87.7474,935,9,1_Small,1,-0.118609188,-0.350783859,0.465971861,-0.363661862,6.924790389,-0.417828186,-1.376319089,1.054119108,-3.219095652,-0.788880949,-1.879819947,-0.047071385
ElCajon_2020_2,7/9/2019,9/18/2019,15.0023,-87.7388,935,9,1_Small,2,-0.082636806,-0.353918561,-0.194890231,-0.363661862,2.124394008,-0.129182763,-1.376319089,1.084133156,-1.252389673,-0.787403414,-1.979363965,-0.410297156
ElCajon_2020_3,7/9/2019,9/18/2019,14.9643,-87.7296,1020,1,1_Small,1,-0.082636806,-0.353918561,-0.194890231,-0.363661862,0.000415548,-0.434279699,-2.362515609,0.859016562,-0.65747482,-0.589881256,-2.795118079,-0.335146997
ElCajon_2020_4,7/9/2019,9/18/2019,14.9512,-87.7293,1020,1,1_Small,2,-0.082636806,-0.463633131,-0.194890231,-0.363661862,0.019394722,-0.540269906,-2.362515609,0.781135083,-1.470617681,-0.616203963,-3.479255522,0.142891519
ElCajon_2020_5,7/9/2019,9/18/2019,14.9418,-87.7499,1090,8,1_Small,1,-0.082636806,-0.353918561,-0.194890231,-0.363661862,1.183290435,-0.526089158,-1.429184518,0.521467665,-1.38759748,-0.679590763,-3.602715445,0.201341643
ElCajon_2020_6,7/9/2019,8/31/2019,14.9489,-87.7439,1090,8,1_Small,1,-0.730139674,-0.573347702,4.823920943,-0.363661862,4.827370558,-0.263512515,-1.429184518,0.62306866,-1.964695093,-0.648061307,-4.476833872,0.128278988
ElCajon_2020_7,7/10/2019,8/13/2019,14.9619,-87.6936,1062,1,1_Small,1,-1.413614924,-0.344237864,0.485408982,-0.363661862,7.988255619,-0.430187213,-2.362515609,1.201927022,-1.302302841,-0.772485021,-3.003233972,-0.593997546
ElCajon_2020_8,7/10/2019,9/16/2019,14.9359,-87.6855,1062,1,1_Small,1,-0.190553951,-0.458792783,-0.194890231,-0.363661862,2.699171119,-0.524790969,-2.362515609,1.182049845,-1.982512177,-0.789266581,-2.405257143,-0.616960095
ElCajon_2020_9,7/10/2019,9/18/2019,15.0184,-87.7186,886,2,1_Small,1,-0.118609188,0.094343827,5.422437556,-0.363661862,5.32946435,-0.053034989,-2.051405246,1.37842343,-2.764822444,-0.804764093,-0.693369297,-0.564772484
ElCarbon_2020_1,9/26/2020,12/6/2020,15.2586,-85.5352,1180,861,3_Large,1,-0.082636806,-0.244203991,-0.194890231,-0.363661862,-0.302131846,-0.274703802,0.670769813,-0.502083145,0.924962642,0.53220574,0.018802021,-0.161884128
ElCarbon_2020_10,9/26/2020,12/6/2020,15.2634,-85.5459,1180,861,3_Large,1,-0.082636806,-0.353918561,-0.194890231,-0.363661862,-0.31937766,-0.353436077,0.670769813,-0.502083145,0.42317716,0.560650142,0.79377239,-0.232859279
ElCarbon_2020_11,9/28/2020,12/7/2020,15.2477,-85.5216,1180,861,3_Large,3,-0.118609188,-0.239501938,-0.194890231,-0.363661862,-0.212043623,-0.443670436,0.670769813,-0.502083145,-0.076460232,0.537487657,0.740317965,-0.245384306
ElCarbon_2020_12,9/27/2020,12/6/2020,15.2447,-85.5175,1180,861,3_Large,1,-0.118609188,0.094343827,-0.029674708,-0.363661862,-0.179512145,-0.443670436,0.670769813,-0.476611067,-0.362797697,0.537487657,1.008302814,-0.245384306
ElCarbon_2020_13,9/27/2020,12/7/2020,15.272,-85.53,1180,861,3_Large,1,-0.082636806,-0.463633131,-0.194890231,-0.363661862,-0.286441073,-0.464651903,0.670769813,-0.502083145,1.066741535,0.228575266,0.734695352,-0.337234501
ElCarbon_2020_14,9/27/2020,12/7/2020,15.2655,-85.5213,1180,861,3_Large,1,-0.082636806,-0.463633131,-0.194890231,-0.363661862,-0.268042374,-0.335749651,0.670769813,-0.502083145,0.606276396,0.295292641,-0.143778621,-0.257909332
ElCarbon_2020_15,9/26/2020,12/1/2020,15.2594,-85.5079,1180,861,3_Large,1,-0.262498714,0.25283626,-0.194890231,-0.363661862,-0.221183808,-0.447676856,0.670769813,-0.502083145,0.560027661,0.579908692,1.048532218,-0.184846677
ElCarbon_2020_16,10/17/2020,11/12/2020,15.244,-85.5096,1180,861,3_Large,1,-1.701393977,-0.273742529,-0.194890231,-0.363661862,-0.171373243,-0.485544725,0.670769813,-0.455457076,-1.213090914,0.421396067,1.008302814,-0.289221899
ElCarbon_2020_4,9/26/2020,12/6/2020,15.2785,-85.5412,1180,861,3_Large,2,-0.082636806,-0.244203991,-0.194890231,-0.363661862,-0.321655919,-0.380594988,0.670769813,-0.502083145,0.663771285,0.347185607,0.943840737,-0.161884128
ElCarbon_2020_5,9/26/2020,12/6/2020,15.2674,-85.5416,1180,861,3_Large,1,-0.082636806,-0.463633131,-0.194890231,-0.363661862,-0.315021789,-0.465814784,0.670769813,-0.502083145,0.438972504,0.435530332,0.462750916,-0.232859279
ElCarbon_2020_6,9/27/2020,12/6/2020,15.2501,-85.5441,1180,861,3_Large,2,-0.118609188,-0.239501938,-0.194890231,-0.363661862,-0.263007361,-0.328085693,0.670769813,-0.502083145,0.721519186,0.923675305,-0.44866682,-0.088821473
ElCarbon_2020_7,9/27/2020,12/6/2020,15.2454,-85.5522,1180,861,3_Large,1,-0.118609188,-0.239501938,-0.194890231,-0.363661862,-0.228056538,-0.468563561,0.670769813,-0.502083145,0.004664577,0.923675305,-1.218806493,-0.074208942
ElCarbon_2020_8,9/27/2020,12/7/2020,15.2398,-85.5322,1180,861,3_Large,1,-0.082636806,-0.353918561,-0.194890231,-0.363661862,-0.197593238,-0.472009142,0.670769813,-0.502083145,0.394619161,0.557536287,0.323531837,-0.20989673
ElCarbon_2020_9,9/26/2020,12/5/2020,15.255,-85.5262,1180,861,3_Large,1,-0.118609188,0.316907669,-0.029674708,-0.363661862,-0.231090639,-0.324906107,0.670769813,-0.502083145,0.77762408,0.618565953,-0.302478868,-0.143096589
Encantadora_2022_1,8/20/2022,10/1/2022,15.4378,-88.4268,385,563,3_Large,3,-1.125835872,-0.202407964,-0.194890231,3.081747913,0.458429422,0.215431272,0.480097018,-0.502083145,-0.90767272,0.294911329,0.340320486,0.017641253
Encantadora_2022_2,8/20/2022,10/2/2022,15.4461,-88.4306,385,563,3_Large,1,-1.08986349,-0.392191085,-0.194890231,2.939699516,0.458429422,0.149180795,0.480097018,-0.502083145,-0.32084514,-0.124481263,0.42560999,0.021816262
Encantadora_2022_3,8/20/2022,10/2/2022,15.4471,-88.4267,385,563,3_Large,2,-1.08986349,-0.211034469,-0.194890231,2.822814842,0.436724533,0.149180795,0.480097018,-0.502083145,-0.32084514,-0.124481263,0.42560999,-0.003233792
Encantadora_2022_4,8/21/2022,10/2/2022,15.4464,-88.4203,385,563,3_Large,2,-1.125835872,-0.202407964,-0.194890231,2.700889228,0.426238667,0.224535442,0.480097018,-0.43380827,-0.672891273,-0.101662458,0.332876462,-0.003233792
Encantadora_2022_5,8/21/2022,10/2/2022,15.456,-88.4255,323,563,3_Large,2,-1.125835872,0.354001643,-0.194890231,2.561746897,0.418600876,0.035949044,0.480097018,-0.4918874,-0.946465926,-0.443984848,0.161980687,-0.107609013
Encantadora_2022_6,8/21/2022,10/2/2022,15.4533,-88.4325,323,563,3_Large,1,-1.125835872,-0.573347702,-0.194890231,2.802726191,0.437237167,0.078674277,0.480097018,-0.467660437,-0.320971646,-0.115487507,0.161980687,-0.115959031
Farrallones_2018_1,3/13/2018,4/10/2018,15.8327,-85.4215,52,3,1_Small,1,-1.629449214,2.208700332,-0.194890231,-0.363661862,-0.276271516,-0.397594864,-1.869417349,0.906679633,-1.27677753,-1.199379457,-0.792279781,0.98624331
Farrallones_2018_10,3/13/2018,4/10/2018,15.8627,-85.3991,44,10,1_Small,1,-1.629449214,0.261266709,-0.194890231,-0.363661862,-0.714686526,-0.410114148,-1.329029352,0.901139439,-0.694246442,-1.215609269,0.846276513,1.073918496
Farrallones_2018_12,3/13/2018,6/8/2018,15.8444,-85.3881,44,10,1_Small,1,0.492921299,3.366288135,-0.194890231,-0.363661862,-0.529112557,-0.366197065,-1.329029352,0.663352303,-1.965453187,-1.237087735,-2.347605556,1.13654363
Farrallones_2018_13,3/14/2018,5/24/2018,15.866,-85.3924,44,10,1_Small,1,-0.082636806,-0.244203991,-0.194890231,-0.363661862,-0.703966813,-0.410114148,-1.329029352,0.875677206,-0.694246442,-1.215609269,0.634913759,1.109406072
Farrallones_2018_16,3/14/2018,6/8/2018,15.8769,-85.4001,44,10,1_Small,1,0.456948918,2.234579849,-0.06041248,-0.363661862,-0.784919928,-0.453350379,-1.329029352,1.029601747,-0.540968852,-1.247043423,-2.578607862,1.055130957
Farrallones_2018_18,3/14/2018,6/5/2018,15.8751,-85.4077,44,10,1_Small,1,0.349031773,2.429923429,-0.055551838,-0.363661862,-0.784919928,-0.453350379,-1.329029352,1.07340063,-0.540968852,-1.201829022,-0.092620757,1.013380868
Farrallones_2018_20,3/14/2018,6/8/2018,15.8733,-85.4163,44,10,1_Small,1,0.456948918,1.419375076,0.611976277,-0.363661862,-0.705438934,-0.528910145,-1.329029352,1.129304523,-1.259086795,-1.179470969,-0.96246283,0.952843239
Farrallones_2018_22,3/14/2018,6/8/2018,15.8715,-85.4268,44,10,1_Small,1,0.456948918,5.133085707,2.629142548,-0.363661862,-0.722422565,-0.414736345,-1.329029352,1.206023404,-1.487929369,-1.135812093,-0.890028991,0.911093151
Farrallones_2018_23,3/15/2018,6/8/2018,15.8649,-85.4348,44,10,1_Small,1,0.420976536,-0.298415896,-0.194890231,-0.363661862,-0.72241949,-0.510996049,-1.329029352,1.23159832,-0.4170072,-1.176371461,0.161109578,0.863080549
Farrallones_2018_25,3/15/2018,6/8/2018,15.8602,-85.4433,44,10,1_Small,1,0.420976536,-0.115128025,-0.194890231,-0.363661862,-0.651495027,-0.262769468,-1.329029352,1.281549176,-2.412650118,-1.197971246,-2.309831096,0.863080549
Farrallones_2018_26,3/15/2018,4/10/2018,15.8355,-85.4534,44,10,1_Small,1,-1.701393977,3.021914373,0.249920793,-0.363661862,-0.502582014,-0.353610548,-1.329029352,1.252087425,-1.266542167,-1.184708067,-0.1842456,0.833855487
Farrallones_2018_29,3/15/2018,4/10/2018,15.8434,-85.4845,44,10,1_Small,1,-1.701393977,1.523888508,2.918786936,-0.363661862,-0.489590669,-0.218291906,-1.329029352,1.591435531,-3.199888553,-1.248936926,-1.276854038,0.654330105
Farrallones_2018_30,3/15/2018,4/15/2018,15.8461,-85.4482,44,10,1_Small,1,-1.521532069,-0.070784186,-0.194890231,-0.363661862,-0.577061999,-0.178265249,-1.329029352,1.249169973,-2.214513711,-1.209753998,0.728597588,0.852643026
Farrallones_2018_32,3/15/2018,4/10/2018,15.8612,-85.4408,44,10,1_Small,1,-1.701393977,1.823493681,-0.194890231,-0.363661862,-0.651491498,-0.262769468,-1.329029352,1.26383014,-2.412650118,-1.197971246,-2.309831096,0.863080549
Farrallones_2018_6,3/13/2018,6/8/2018,15.8473,-85.4287,44,10,1_Small,1,0.492921299,0.411561257,-0.194890231,-0.363661862,-0.563148662,-0.269895378,-1.329029352,1.060606137,-0.404876446,-1.177948656,0.666669647,0.919443168
Farrallones_2018_8,3/13/2018,6/8/2018,15.8438,-85.4253,44,10,1_Small,1,0.492921299,1.038321504,-0.194890231,-0.363661862,-0.566012113,-0.34599607,-1.329029352,1.006408118,-0.756164016,-1.187105635,0.666669647,0.942405717
Guanales_2019_1,5/29/2019,8/9/2019,15.4394,-88.4396,385,563,3_Large,1,-0.046664424,-0.248775431,-0.194890231,3.327629219,0.453840352,-0.167524204,0.480097018,-0.502083145,-0.179319258,0.372215675,0.128640965,0.074003873
Guanales_2019_2,5/29/2019,8/9/2019,15.435,-88.4397,385,563,3_Large,1,-0.046664424,-0.140584674,-0.194890231,3.44525788,0.473158521,-0.327691468,0.480097018,-0.502083145,0.416100991,0.372215675,0.128640965,0.074003873
Guanales_2019_3,5/29/2019,8/9/2019,15.4403,-88.4432,385,563,3_Large,2,-0.046664424,-0.356966188,-0.194890231,3.392145927,0.443649765,-0.260743527,0.480097018,-0.502083145,0.399294542,0.12025996,-0.171337347,0.074003873
Guanales_2019_4,5/30/2019,8/10/2019,15.4441,-88.4402,385,563,3_Large,3,-0.046664424,-0.356966188,-0.194890231,3.222851977,0.453840352,-0.167524204,0.480097018,-0.502083145,-0.179319258,0.121564215,0.629211954,0.065653855
Guanales_2019_5,5/30/2019,8/10/2019,15.4507,-88.4443,385,563,3_Large,1,-0.046664424,-0.356966188,-0.194890231,3.170186873,0.429299919,-0.164798159,0.480097018,-0.502083145,0.199894567,0.346955976,-0.052628928,0.019728757
Guanales_2019_6,5/30/2019,8/10/2019,15.4531,-88.4494,385,563,3_Large,1,-0.046664424,-0.140584674,-0.194890231,3.255149781,0.429299919,-0.164798159,0.480097018,-0.502083145,0.199894567,0.354008516,0.374135359,0.115753961
Kawas_2011_1,7/26/2011,9/9/2011,15.8337,-87.6019,60,23,2_Medium,1,-1.017918727,-0.22713728,-0.194890231,-0.363661862,-0.852240114,-0.296912865,-0.955188604,0.977079065,-0.70018547,-1.238965348,0.78331908,1.683469791
Kawas_2011_2,7/26/2011,9/10/2011,15.9227,-87.6059,60,23,2_Medium,1,-0.981946345,0.27336257,-0.194890231,-0.363661862,-0.963769918,-0.318236796,-0.955188604,1.885203919,-2.450938006,-1.218333253,-3.266308933,1.773232482
Kawas_2011_4,7/31/2011,9/8/2011,15.8595,-87.6852,67,41,2_Medium,1,-1.233753016,-0.173874138,-0.194890231,-0.363661862,-0.872556056,-0.305943504,-0.695725657,1.73096538,-0.898069102,-1.233515933,0.685675665,1.639632198
Kawas_2014_16,6/11/2014,7/23/2014,15.8466,-87.6125,60,23,2_Medium,1,-1.125835872,0.724941381,-0.194890231,-0.363661862,-0.872430239,-0.260443885,-0.955188604,1.167972453,-1.894437547,-1.240320119,0.946850023,1.716869862
Kawas_2014_18,6/14/2014,7/24/2014,15.8151,-87.6915,60,23,2_Medium,1,-1.197780635,0.010882385,-0.194890231,-0.363661862,-0.713601843,-0.162216057,-0.955188604,1.414129307,-1.984407568,-1.244450871,0.907412537,1.420444233
Kawas_2014_2,6/12/2014,7/24/2014,15.884,-87.6572,60,23,2_Medium,1,-1.125835872,-0.202407964,-0.194890231,-0.363661862,-0.963769918,-0.237943937,-0.955188604,1.7902651,-1.581058428,-1.207756509,0.65906724,1.758619951
Kawas_2014_7,6/12/2014,7/24/2014,15.8717,-87.6421,60,23,2_Medium,1,-1.125835872,-0.202407964,-0.194890231,-0.363661862,-0.929175452,-0.428416231,-0.955188604,1.582152783,-1.3273226,-1.238107424,0.468690297,1.714782358
Kawas_2014_8,6/11/2014,7/23/2014,15.7999,-87.6503,60,23,2_Medium,1,-1.125835872,0.168531774,4.486216258,-0.363661862,-0.67008094,-0.009729665,-0.955188604,0.944181935,-1.740907103,-1.142752049,-2.428935473,0.950755735
Kawas_2017_2,5/31/2017,7/30/2017,15.9116,-87.6242,60,23,2_Medium,1,-0.478333003,-0.443518793,-0.194890231,-0.363661862,-0.963769918,-0.4542111,-0.955188604,1.87233472,-1.708305467,-1.236872531,-4.761026423,1.735657402
Kawas_2017_3,6/23/2017,8/2/2017,15.9153,-87.6209,60,23,2_Medium,1,-1.197780635,-0.378604339,-0.194890231,-0.363661862,-0.963769918,-0.398654287,-0.955188604,1.88993327,-1.998307521,-1.2322536,-3.315566195,1.735657402
Kawas_2022_5,12/10/2021,2/27/2022,15.9129,-87.6209,60,23,2_Medium,1,0.205142247,-0.376139233,-0.194890231,-0.363661862,-0.963769918,-0.442843242,-0.955188604,1.865702932,-1.998307521,-1.2322536,-3.315566195,1.735657402
Kawas_2022_7,12/10/2021,2/27/2022,15.9215,-87.6111,60,23,2_Medium,2,0.205142247,-0.376139233,-0.194890231,-0.363661862,-0.963769918,-0.379303457,-0.955188604,1.89933217,-2.450938006,-1.218333253,-3.266308933,1.773232482
Kawas_2022_8,12/19/2021,2/25/2022,15.8179,-87.5844,60,23,2_Medium,1,-0.190553951,-0.229682944,-0.194890231,-0.363661862,-0.763060738,-0.17420341,-0.955188604,0.713989221,-1.047176862,-1.230686512,-0.59928951,1.639632198
LaMuralla_2019_1,9/13/2019,12/10/2019,15.1027,-86.7359,876,237,3_Large,1,0.528893681,-0.307788571,-0.194890231,-0.363661862,-0.053764861,-0.364337618,0.091754171,-0.502083145,1.037930837,1.06436362,0.660096733,-0.740122857
LaMuralla_2019_10,10/22/2019,12/12/2019,15.1118,-86.6295,876,237,3_Large,1,-0.802084437,-0.267867917,-0.194890231,-0.363661862,-0.051801903,-0.472377397,0.091754171,-0.502083145,0.717222695,1.457237089,1.193769869,-0.579385015
LaMuralla_2019_11,10/22/2019,12/12/2019,15.1282,-86.6185,876,237,3_Large,1,-0.802084437,-0.267867917,-0.194890231,-0.363661862,-0.093958688,-0.38596587,0.091754171,-0.502083145,0.965272505,1.549517427,0.777538083,-0.642010148
LaMuralla_2019_12,10/22/2019,12/12/2019,15.1046,-86.6405,876,237,3_Large,1,-0.802084437,-0.267867917,-0.194890231,-0.363661862,-0.023986536,-0.377733816,0.091754171,-0.502083145,0.54334803,1.591215006,0.972270572,-0.660797688
LaMuralla_2019_2,9/13/2019,12/10/2019,15.0947,-86.7399,876,237,3_Large,2,0.528893681,-0.042229441,-0.194890231,-0.363661862,0.099394194,-0.366636632,0.091754171,-0.499682535,0.382993802,0.790374764,0.812936791,-0.742210361
LaMuralla_2019_3,9/14/2019,12/11/2019,15.096,-86.7296,876,237,3_Large,2,0.528893681,-0.396308281,-0.194890231,-0.363661862,0.056110738,-0.42989015,0.091754171,-0.502083145,0.849903522,1.215052249,0.660096733,-0.696285264
LaMuralla_2019_4,9/14/2019,12/11/2019,15.0939,-86.7221,876,237,3_Large,1,0.528893681,-0.396308281,-0.194890231,-0.363661862,0.023437886,-0.326305355,0.091754171,-0.502083145,0.930901826,1.149368889,0.809452354,-0.627397617
LaMuralla_2019_5,8/26/2019,10/18/2019,15.1002,-86.7163,876,237,3_Large,1,-0.730139674,-0.279395457,-0.194890231,-0.363661862,-0.11724044,-0.360280518,0.091754171,-0.502083145,0.991934801,1.624051598,0.971874613,-0.627397617
LaMuralla_2019_6,9/14/2019,12/11/2019,15.1024,-86.7086,876,237,3_Large,1,0.528893681,-0.396308281,-0.194890231,-0.363661862,-0.11724044,-0.360280518,0.091754171,-0.502083145,0.991934801,1.624051598,0.858709617,-0.571034998
LaMuralla_2019_8,9/15/2019,12/10/2019,15.1104,-86.7198,876,237,3_Large,1,0.456948918,-0.392191085,-0.194890231,-0.363661862,-0.14904121,-0.395219621,0.091754171,-0.502083145,1.246176181,1.328848672,0.991593357,-0.650360166
LaMuralla_2019_9,10/20/2019,12/10/2019,15.1006,-86.6861,876,237,3_Large,1,-0.802084437,-0.267867917,-0.194890231,-0.363661862,-0.116030228,-0.359039787,0.091754171,-0.502083145,1.022008988,1.437951082,1.195670471,-0.633660131
Lancetilla_2014_2,2/11/2014,5/1/2014,15.2408,-87.4811,613,1,1_Small,1,0.205142247,0.018277703,-0.194890231,1.876844776,-0.14519646,-0.085794071,-2.362515609,-0.033574907,-1.514465472,0.113822683,-1.986095262,-1.247386434
M_Tiburones_2020_1,3/7/2020,6/6/2020,15.6255,-87.599,289,158,3_Large,1,0.636810825,-0.23094179,-0.194890231,3.522295045,0.279812337,0.030383238,-0.090233725,-0.482940951,0.748686878,-0.842845018,-0.678718825,-0.608610077
M_Tiburones_2020_2,3/7/2020,6/27/2020,15.6269,-87.5959,289,158,3_Large,1,1.392230838,-0.4342453,-0.194890231,3.471908406,0.279812337,0.030383238,-0.090233725,-0.502083145,0.748686878,-0.842845018,-0.523898974,-0.685847741
M_Tiburones_2020_5,3/8/2020,6/28/2020,15.6462,-87.5845,181,158,3_Large,1,1.392230838,-0.4342453,-0.194890231,2.780981068,0.120924076,-0.075731959,-0.090233725,-0.502083145,0.917886473,-1.000317652,0.253763914,-0.706722786
M_Tiburones_2020_6,3/8/2020,6/13/2020,15.6447,-87.5805,181,158,3_Large,2,0.852645115,3.923818604,-0.194890231,2.834092085,0.120574638,-0.075731959,-0.090233725,-0.502083145,0.908030001,-0.382477007,-0.061023253,-0.898773194
M_Tiburones_2020_7,3/8/2020,6/28/2020,15.6438,-87.5774,181,158,3_Large,2,1.392230838,0.956778717,-0.194890231,2.867643278,0.120574638,-0.075731959,-0.090233725,-0.502083145,0.908030001,-0.382477007,-0.061023253,-0.965573336
M_Tiburones_2020_9,3/9/2020,6/26/2020,15.7166,-87.3836,144,1,1_Small,1,1.284313694,-0.358951339,-0.194890231,-0.363661862,0.345642299,-0.185243257,-2.362515609,0.026929629,-0.468436713,-0.873546907,0.391636734,-0.721335317
Merendon_2019_1,6/19/2019,8/25/2019,15.521,-88.1118,353,563,3_Large,1,-0.226526332,-0.22455362,-0.194890231,-0.363661862,0.573432435,0.926767463,0.480097018,-0.498056744,-0.321224344,0.895506807,0.112723425,-0.262084341
Merendon_2019_10,6/21/2019,8/27/2019,15.4826,-88.0477,353,563,3_Large,1,-0.226526332,0.473034544,-0.194890231,-0.363661862,6.90333728,6.839536704,0.480097018,-0.502083145,-1.077503904,-1.032858156,-3.489312873,-0.664972697
Merendon_2019_2,6/19/2019,8/25/2019,15.5229,-88.1096,353,563,3_Large,1,-0.226526332,-0.340818314,-0.194890231,-0.363661862,0.573432435,0.606052085,0.480097018,-0.502083145,-0.321224344,0.895506807,0.112723425,-0.262084341
Merendon_2019_3,6/19/2019,8/26/2019,15.5165,-88.1127,353,563,3_Large,1,-0.190553951,-0.344237864,-0.194890231,-0.363661862,0.653313218,0.926767463,0.480097018,-0.469001503,-0.594419949,0.787028397,0.112723425,-0.278784377
Merendon_2019_4,6/20/2019,8/26/2019,15.5094,-88.1098,353,563,3_Large,3,-0.226526332,-0.340818314,-0.194890231,-0.363661862,0.592263753,1.072441622,0.480097018,-0.502083145,-0.33954698,0.787028397,0.308247831,-0.259996837
Merendon_2019_5,6/20/2019,8/26/2019,15.4963,-88.106,353,563,3_Large,1,-0.226526332,-0.22455362,-0.194890231,-0.363661862,0.550205346,1.116034592,0.480097018,-0.502083145,-0.016185352,0.906850546,0.216622988,-0.289221899
Merendon_2019_6,6/20/2019,8/25/2019,15.535,-88.1036,353,563,3_Large,2,-0.262498714,-0.337295141,-0.194890231,-0.363661862,0.555033808,1.219753135,0.480097018,-0.502083145,0.269773221,1.070685409,0.506939907,-0.282959386
Merendon_2019_7,6/20/2019,8/25/2019,15.532,-88.108,353,563,3_Large,1,-0.262498714,-0.219268861,-0.194890231,-0.363661862,0.490888377,0.858354119,0.480097018,-0.502083145,-0.709283536,1.176611756,0.021811307,-0.289221899
Merendon_2019_8,6/21/2019,8/27/2019,15.4769,-88.0609,353,563,3_Large,1,-0.226526332,-0.340818314,-0.194890231,-0.363661862,3.756488493,4.891494281,0.480097018,-0.502083145,0.145053475,-0.392834249,0.314187212,-0.393597121
MerendonAg_2019_1,4/23/2019,6/27/2019,15.5204,-88.1598,261,563,3_Large,1,-0.298471095,-0.213821494,-0.194890231,-0.363661862,0.535352661,0.771754866,0.480097018,-0.357127916,-1.066889494,0.234648607,-0.029742515,-0.205721722
MerendonAg_2019_3,4/23/2019,6/27/2019,15.5229,-88.1274,261,563,3_Large,1,-0.298471095,-0.213821494,-0.194890231,-0.363661862,0.402560017,0.626447883,0.480097018,-0.489756158,-0.767915723,0.812065569,-0.306359264,-0.262084341
MerendonAg_2019_4,4/23/2019,6/27/2019,15.5234,-88.1298,261,563,3_Large,1,-0.298471095,-0.213821494,-0.194890231,-0.363661862,0.402560017,0.626447883,0.480097018,-0.502083145,-0.767915723,0.812065569,-0.306359264,-0.262084341
MerendonAg_2019_6,4/24/2019,6/27/2019,15.5149,-88.1255,353,563,3_Large,1,-0.334443477,0.40036911,-0.194890231,-0.363661862,0.411495452,1.114083922,0.480097018,-0.422768975,-0.298226325,1.01955065,0.200626257,-0.270434359
MerendonAg_2019_7,4/26/2019,6/27/2019,15.5039,-88.2056,370,563,3_Large,3,-0.40638824,-0.322065944,-0.194890231,-0.363661862,0.119126186,-0.204962822,0.480097018,-0.502083145,0.116874366,1.01906969,-0.363218933,-0.211984235
MerendonAg_2019_8,4/24/2019,6/25/2019,15.5001,-88.2022,370,563,3_Large,1,-0.40638824,1.311265483,-0.194890231,-0.363661862,0.124509196,-0.247998132,0.480097018,-0.502083145,0.721013477,1.01906969,-0.363218933,-0.211984235
MicoQuemado_2019_2,9/26/2019,12/4/2019,15.4333,-87.7183,357,12,1_Small,1,-0.154581569,-0.347558296,-0.194890231,-0.246710995,0.847862989,1.042186912,-1.247196622,0.557252933,-0.451883275,0.12920034,0.377144645,-0.836148061
MicoQuemado_2019_3,9/27/2019,12/3/2019,15.4121,-87.7658,372,1,1_Small,1,-0.226526332,-0.340818314,-0.194890231,0.537396134,2.41456006,4.999768388,-2.362515609,1.108179505,-0.540842347,-0.693625236,-0.185354285,-0.809010503
MicoQuemado_2019_4,9/28/2019,12/3/2019,15.4507,-87.7469,334,12,1_Small,1,-0.262498714,-0.101242581,-0.194890231,0.91045299,1.172469391,1.698768893,-1.247196622,0.656493965,-0.165040414,-0.622801607,-0.362427015,-0.813185512
MicoQuemado_2019_5,9/28/2019,12/3/2019,15.321,-87.7825,500,1,1_Small,1,-0.262498714,-0.337295141,-0.194890231,-0.363661862,1.021689926,0.66084432,-2.362515609,1.57631321,0.269014815,-0.298137496,-0.366782561,-0.616960095
MicoQuemado_2019_6,9/27/2019,12/3/2019,15.3038,-87.7575,509,1,1_Small,1,-0.226526332,-0.22455362,-0.194890231,-0.363661862,0.908721603,0.464104017,-2.362515609,1.228566971,-1.192114636,-0.164568347,0.830992508,-0.687935246
MicoQuemado_2019_7,9/27/2019,12/3/2019,15.3853,-87.7267,373,2,1_Small,1,-0.226526332,-0.22455362,-0.194890231,-0.363661862,0.617309329,1.900484234,-2.051405246,1.087505116,-0.603391822,-0.274502692,-0.590340843,-0.80274799
MicoQuemado_2019_8,9/28/2019,12/3/2019,15.3666,-87.7652,481,1,1_Small,1,-0.262498714,0.13480998,-0.194890231,-0.363661862,1.30732726,2.343895392,-2.362515609,1.506596615,-0.786870105,-0.030625085,-0.321326502,-0.717160308
Misoco_2022_2,10/21/2021,2/18/2022,14.6406,-86.8211,1512,62,2_Medium,3,1.680009891,-0.443518793,-0.194890231,-0.363661862,0.074931398,-0.199706194,-0.51010343,1.409167342,0.975507868,1.572820071,1.204223179,-0.67123521
Misoco_2022_3,10/20/2021,2/19/2022,14.6376,-86.8149,1512,62,2_Medium,1,1.751954654,-0.381796853,-0.194890231,-0.363661862,0.067913405,-0.254608246,-0.51010343,1.407200748,0.91409569,1.626177613,1.204223179,-0.662885193
Misoco_2022_4,10/20/2021,2/19/2022,14.6359,-86.81,1512,62,2_Medium,1,1.751954654,-0.381796853,-0.194890231,-0.363661862,0.061173767,-0.191988558,-0.51010343,1.400810073,0.739083416,1.563500012,0.642832933,-0.662885193
Misoco_2022_5,10/20/2021,2/19/2022,14.6307,-86.7992,1512,62,2_Medium,1,1.751954654,-0.445647136,0.184292937,-0.363661862,0.066733008,-0.120458483,-0.51010343,1.399678393,0.483199342,1.515784004,1.215230831,-0.76517291
Misoco_2022_6,10/21/2021,2/19/2022,14.6309,-86.8094,1512,62,2_Medium,1,1.715982273,-0.315835817,-0.194890231,-0.363661862,0.061173767,-0.191988558,-0.51010343,1.451528958,0.739083416,1.610012757,1.17104184,-0.742210361
NdDios_2019_1,10/8/2019,12/17/2019,15.8055,-86.5334,345,1248,4_VeryLarge,1,-0.118609188,0.094343827,-0.194890231,-0.363661862,-0.55914965,-0.310754867,0.837379615,0.088138865,-2.663100638,-1.244755623,0.491418326,0.332854422
NdDios_2019_10,10/11/2019,12/17/2019,15.7721,-86.7081,93,1,1_Small,1,-0.226526332,-0.340818314,-0.194890231,-0.363661862,1.618474839,6.839536704,-2.362515609,-0.347999752,-0.533766178,-0.967713596,1.130178902,0.840118
NdDios_2019_12,10/12/2019,12/18/2019,15.7289,-86.7391,345,1248,4_VeryLarge,1,-0.226526332,-0.22455362,-0.194890231,-0.363661862,1.604455274,1.055110616,0.837379615,-0.502083145,-0.445564887,-1.036665394,0.769460526,0.144979023
NdDios_2019_13,10/12/2019,12/18/2019,15.733,-86.7394,345,1248,4_VeryLarge,1,-0.226526332,-0.340818314,-0.194890231,-0.363661862,1.134760805,1.097104857,0.837379615,-0.502083145,0.215816416,-1.036665394,0.769460526,0.144979023
NdDios_2019_14,10/12/2019,12/18/2019,15.7036,-86.719,345,1248,4_VeryLarge,2,-0.226526332,0.705563932,-0.194890231,-0.363661862,-0.118894291,1.228188209,0.837379615,-0.502083145,-0.155183942,-0.99249812,1.131287586,-0.168146642
NdDios_2019_15,10/12/2019,12/18/2019,15.7113,-86.7098,345,1248,4_VeryLarge,3,-0.226526332,0.007975768,0.495562701,-0.363661862,-0.265198836,0.076872467,0.837379615,-0.502083145,0.427094448,-0.732990113,0.716243676,-0.679585228
NdDios_2019_2,10/8/2019,12/17/2019,15.7953,-86.5455,345,1248,4_VeryLarge,1,-0.118609188,-0.350783859,-0.194890231,-0.363661862,-0.061491562,0.645529838,0.837379615,-0.068845811,-1.990472945,-1.244268888,-1.43302015,0.320329396
NdDios_2019_3,10/9/2019,12/18/2019,15.7719,-86.609,345,1248,4_VeryLarge,2,-0.118609188,1.541008804,-0.194890231,-0.363661862,-0.292950682,0.554960151,0.837379615,-0.502083145,0.457042443,0.059045398,0.486270863,-0.234946784
NdDios_2019_4,10/9/2019,12/18/2019,15.764,-86.6101,345,1248,4_VeryLarge,1,-0.118609188,-0.350783859,-0.194890231,-0.363661862,-0.519865062,-0.056437807,0.837379615,-0.502083145,0.468288598,0.059045398,0.480093907,-1.107523637
NdDios_2019_5,10/9/2019,12/18/2019,15.7597,-86.6125,345,1248,4_VeryLarge,1,-0.118609188,-0.239501938,-0.194890231,-0.363661862,-0.519865062,-0.098163834,0.837379615,-0.502083145,0.468288598,0.362707648,0.004309933,-1.103348628
NdDios_2019_6,10/10/2019,12/19/2019,15.7707,-86.6178,345,1248,4_VeryLarge,1,-0.118609188,-0.350783859,-0.194890231,-0.363661862,-0.32261644,0.462559266,0.837379615,-0.502083145,1.167831362,-0.290693468,0.046994281,-1.063686044
NdDios_2019_7,10/10/2019,12/19/2019,15.775,-86.6265,345,1248,4_VeryLarge,3,-0.118609188,0.539471512,-0.194890231,-0.363661862,-0.345821995,0.448915966,0.837379615,-0.502083145,0.355699605,-0.81420996,0.861956478,-0.178584164
NdDios_2019_8,10/11/2019,12/17/2019,15.7572,-86.5626,345,1248,4_VeryLarge,1,-0.226526332,0.124240462,-0.194890231,-0.363661862,-0.051110733,-0.098481948,0.837379615,-0.502083145,-0.804181793,-0.847985336,1.025566613,-0.631572626
NdDios_2019_9,10/11/2019,12/17/2019,15.7533,-86.5688,345,1248,4_VeryLarge,1,-0.226526332,-0.340818314,-0.194890231,-0.363661862,-0.232117131,-0.048941963,0.837379615,-0.502083145,0.129763527,-0.454599083,1.091850099,-0.838235565
Olanchito_2020_10,2/7/2020,5/26/2020,15.5501,-86.5672,248,176,3_Large,3,1.284313694,-0.144554977,-0.194890231,-0.363661862,-0.107028031,-0.323032745,-0.041809126,-0.454948326,-1.54820425,-0.022557153,1.068092577,-1.291224027
Olanchito_2020_2,2/5/2020,6/25/2020,15.56,-86.5792,248,176,3_Large,1,2.435429904,-0.186623294,-0.194890231,-0.363661862,-0.21891268,-0.329981305,-0.041809126,-0.500938083,0.695993875,0.218407239,1.198046223,-1.117961159
Olanchito_2020_3,2/5/2020,3/28/2020,15.5678,-86.5729,248,176,3_Large,3,-0.766112056,-0.423545115,-0.194890231,-0.363661862,-0.219667658,-0.391559564,-0.041809126,-0.488774872,0.779519472,0.700671064,0.768826992,-1.015673442
Olanchito_2020_4,2/6/2020,5/9/2020,15.5695,-86.5637,248,176,3_Large,2,0.708755589,-0.489587116,-0.194890231,-0.363661862,-0.215020253,-0.404126769,-0.041809126,-0.502083145,-0.37922463,0.434917852,1.020260766,-1.099173619
Olanchito_2020_5,2/6/2020,4/12/2020,15.5671,-86.5556,248,176,3_Large,1,-0.262498714,-0.455321421,-0.194890231,-0.363661862,-0.169894903,-0.44731262,-0.041809126,-0.502083145,0.112830885,-0.020871586,1.179752931,-1.099173619
Olanchito_2020_6,2/6/2020,5/20/2020,15.5667,-86.5504,248,176,3_Large,1,1.104451786,-0.423545115,-0.194890231,-0.363661862,-0.169894903,-0.44731262,-0.041809126,-0.502083145,-0.554363097,-0.020871586,1.179752931,-1.209811354
Olanchito_2020_7,2/6/2020,6/25/2020,15.5686,-86.5442,248,176,3_Large,1,2.399457522,-0.40642482,-0.194890231,-0.363661862,-0.188984339,-0.398006902,-0.041809126,-0.502083145,0.609561782,-0.058906287,1.217606583,-1.24529893
Olanchito_2020_8,2/8/2020,6/22/2020,15.5697,-86.5378,248,176,3_Large,1,2.219595615,-0.457944228,-0.194890231,-0.363661862,-0.178136576,-0.420865868,-0.041809126,-0.502083145,0.946444472,0.04406355,0.863698696,-1.24529893
Olanchito_2020_9,2/9/2020,6/27/2020,15.5589,-86.5603,248,176,3_Large,1,2.363485141,-0.517306446,-0.194890231,-0.363661862,-0.123883212,-0.433141228,-0.041809126,-0.49072022,-0.593914553,0.176412252,1.120279934,-1.149273726
OlanchitoSur_2021_1,6/19/2021,8/24/2021,15.5199,-86.4056,274,2,1_Small,1,-0.262498714,-0.219268861,-0.194890231,3.263407025,0.418124685,-0.274985331,-2.051405246,-0.207087495,0.526794592,-0.654868376,0.773657688,-1.435261833
OlanchitoSur_2021_2,6/19/2021,8/24/2021,15.5178,-86.3754,285,2,1_Small,1,-0.262498714,-0.337295141,-0.194890231,4.27488077,0.465038201,-0.210627648,-2.051405246,0.137491407,-0.849166882,-0.515936428,1.025012271,-1.414386789
OlanchitoSur_2021_3,6/20/2021,8/25/2021,15.4061,-86.4003,377,8,1_Small,1,-0.262498714,0.13480998,-0.194890231,2.720120222,0.287579043,-0.329237838,-1.429184518,0.346306279,-0.410183416,-0.65731503,0.838040572,-1.493711957
OlanchitoSur_2021_4,6/20/2021,8/22/2021,15.4087,-86.3933,377,8,1_Small,1,-0.370415859,-0.202407964,-0.194890231,2.524896657,0.229797813,-0.31665594,-1.429184518,0.431840079,0.87631312,-0.410288865,0.838040572,-1.462399391
OlanchitoSur_2021_5,6/24/2021,8/18/2021,15.4168,-86.3812,377,8,1_Small,1,-0.658194911,-0.431716165,-0.194890231,2.278576986,0.213579355,-0.204562719,-1.429184518,0.596237618,0.774717584,-0.324364875,0.728993546,-1.307924063
Omoa_Guatemala_2021_1,1/13/2021,4/19/2021,15.6793,-88.1045,353,563,3_Large,2,0.816672733,-0.248775431,-0.194890231,-0.363661862,0.141811833,0.766721411,0.480097018,-0.502083145,-0.454284062,-0.86809315,-0.063953347,0.255616758
Omoa_Guatemala_2021_10,2/6/2021,4/8/2021,15.7023,-88.2432,201,29,2_Medium,1,-0.442360622,-0.317946571,-0.194890231,-0.363661862,-0.288677705,-0.218439028,-0.851147376,0.435150891,-2.697218501,-1.249615755,0.012783449,0.591704972
Omoa_Guatemala_2021_2,1/13/2021,4/19/2021,15.674,-88.1011,353,563,3_Large,1,0.816672733,-0.411061566,-0.194890231,-0.363661862,0.048743019,0.752379386,0.480097018,-0.502083145,-0.454284062,-0.86809315,-0.337798384,-0.059596411
Omoa_Guatemala_2021_4,1/14/2021,3/28/2021,15.6352,-88.2034,201,29,2_Medium,1,-0.010692043,-0.359930318,-0.194890231,-0.363661862,0.512269467,0.096414082,-0.851147376,-0.184472006,-0.217228021,-1.089144716,0.363286091,-0.074208942
Omoa_Guatemala_2021_5,1/13/2021,4/9/2021,15.6312,-88.2029,201,29,2_Medium,1,0.456948918,-0.482769393,-0.194890231,-0.363661862,0.512269467,0.096414082,-0.851147376,-0.180821997,-0.217228021,-0.931738502,0.214722386,-0.178584164
Omoa_Guatemala_2021_6,1/15/2021,4/9/2021,15.5991,-88.2874,201,29,2_Medium,3,0.385004154,-0.387877833,-0.194890231,-0.227571356,0.786396388,0.078492788,-0.851147376,-0.107731506,0.041562548,-1.095751025,-0.211883518,-0.086733969
Omoa_Guatemala_2021_7,1/17/2021,4/9/2021,15.5937,-88.2939,201,29,2_Medium,1,0.313059391,-0.383354177,-0.194890231,-0.200266796,1.066098612,0.233626777,-0.851147376,-0.170817378,-1.162166798,-1.000340764,-0.56880069,-0.172321651
PANACAM_2017_VHS_1,2/15/2017,5/12/2017,14.8676,-87.9025,1227,140,3_Large,1,0.456948918,0.332435379,-0.194890231,-0.363661862,-0.249184913,0.00088579,-0.144521778,-0.502083145,0.696751969,0.319652533,0.745623812,-0.270434359
PANACAM_2017-21_11,11/7/2018,2/11/2019,14.8471,-87.8784,1227,140,3_Large,1,0.816672733,-0.492204634,-0.194890231,-0.363661862,-0.115984495,-0.231575768,-0.144521778,-0.502083145,0.561417656,1.101764241,0.575678338,-0.729685335
PANACAM_2017-21_13,2/13/2019,5/1/2019,14.8146,-87.875,1227,140,3_Large,1,0.133197483,-0.371016935,-0.194890231,-0.363661862,-0.060621314,-0.315226523,-0.144521778,-0.502083145,0.99926398,1.632110794,0.14709264,-0.660797688
PANACAM_2017-21_14,2/14/2019,5/1/2019,14.8127,-87.8857,1227,140,3_Large,1,0.097225102,-0.368354689,-0.194890231,-0.363661862,-0.094804771,-0.221947524,-0.144521778,-0.502083145,0.900574628,1.567351914,-0.180206822,-0.635747635
PANACAM_2017-21_15,2/14/2019,5/1/2019,14.8146,-87.8638,1227,140,3_Large,1,0.097225102,-0.368354689,-0.194890231,-0.363661862,-0.024186534,-0.237574602,-0.144521778,-0.502083145,0.596799439,1.489402065,0.730418998,-0.779785441
PANACAM_2017-21_16,2/13/2019,5/1/2019,14.82,-87.8727,1227,140,3_Large,1,0.133197483,-0.371016935,-0.194890231,-0.363661862,-0.07941331,-0.345943531,-0.144521778,-0.502083145,0.873659634,1.632110794,0.14709264,-0.660797688
PANACAM_2017-21_17,2/13/2019,5/1/2019,14.8182,-87.8764,1227,140,3_Large,1,0.133197483,-0.371016935,-0.194890231,-0.363661862,-0.07941331,-0.345943531,-0.144521778,-0.502083145,0.873659634,1.632110794,0.14709264,-0.660797688
PANACAM_2017-21_19,2/13/2019,5/1/2019,14.8109,-87.8773,1227,140,3_Large,1,0.133197483,-0.371016935,-0.194890231,-0.363661862,-0.060621314,-0.315226523,-0.144521778,-0.502083145,0.99926398,1.718808927,-0.906078311,-0.6190476
PANACAM_2017-21_20,2/13/2019,5/1/2019,14.8109,-87.8829,1227,140,3_Large,1,0.133197483,-0.371016935,-0.194890231,-0.363661862,-0.094804771,-0.221947524,-0.144521778,-0.502083145,0.900574628,1.567351914,-1.153473307,-0.6190476
PANACAM_2017-21_21,2/13/2019,5/1/2019,14.8127,-87.8884,1227,140,3_Large,1,0.133197483,-0.371016935,-0.194890231,-0.363661862,-0.129613284,-0.221947524,-0.144521778,-0.502083145,0.900574628,1.567351914,-0.180206822,-0.616960095
PANACAM_2017-21_22,11/7/2018,5/1/2019,14.8408,-87.8737,1227,140,3_Large,1,2.759181338,-0.439809396,-0.194890231,-0.363661862,-0.105570144,-0.300921084,-0.144521778,-0.502083145,1.167199773,1.101764241,0.575678338,-0.788135459
PANACAM_2017-21_25,11/7/2018,4/20/2019,14.8498,-87.8793,1227,140,3_Large,2,2.759181338,-0.430852558,-0.194890231,-0.363661862,-0.148375752,-0.231575768,-0.144521778,-0.502083145,0.992187499,0.879897983,-0.371771641,-0.74638537
PANACAM_2017-21_26,11/13/2018,3/26/2019,14.8435,-87.8783,1227,140,3_Large,2,2.147650851,-0.514778269,-0.194890231,-0.363661862,-0.115984495,-0.300921084,-0.144521778,-0.502083145,0.561417656,1.101764241,0.575678338,-0.729685335
PANACAM_2017-21_29,3/4/2021,5/19/2021,14.8597,-87.8942,1227,140,3_Large,3,0.097225102,-0.368354689,-0.194890231,-0.363661862,-0.204201513,-0.197183109,-0.144521778,-0.502083145,1.277387666,0.65324536,-0.381828992,-0.706722786
PANACAM_2017-21_31,3/4/2021,5/18/2021,14.8579,-87.883,1227,140,3_Large,1,0.06125272,-0.469484575,-0.194890231,-0.363661862,-0.154862891,-0.131989416,-0.144521778,-0.502083145,0.854199701,0.726427659,-0.097134686,-0.72759783
PANACAM_2017-21_32,3/3/2021,4/16/2021,14.8444,-87.883,1227,140,3_Large,2,-1.053891108,-0.042229441,-0.194890231,-0.363661862,-0.148375752,-0.217772451,-0.144521778,-0.502083145,0.992187499,1.030768628,-0.492222277,-0.729685335
PANACAM_2017-21_33,3/13/2021,5/19/2021,14.8543,-87.8858,1227,140,3_Large,3,-0.226526332,-0.457083008,-0.194890231,-0.363661862,-0.154862891,-0.131989416,-0.144521778,-0.502083145,0.854199701,0.726427659,-0.480660283,-0.74638537
PANACAM_2017-21_34,3/3/2021,4/29/2021,14.8579,-87.89,1227,140,3_Large,1,-0.586250148,-0.436685693,-0.194890231,-0.363661862,-0.204201513,-0.197183109,-0.144521778,-0.502083145,1.277387666,0.726427659,-0.097134686,-0.706722786
PANACAM_2017-21_36,3/2/2021,5/18/2021,14.8624,-87.8826,1227,140,3_Large,1,0.133197483,-0.269851552,-0.194890231,-0.363661862,-0.150465608,-0.131989416,-0.144521778,-0.502083145,0.889075775,0.65324536,-0.097134686,-0.72759783
PANACAM_2017-21_37,5/20/2021,7/20/2021,14.8472,-87.8616,1227,140,3_Large,1,-0.442360622,-0.445647136,-0.194890231,-0.363661862,-0.077170773,-0.419244708,-0.144521778,-0.502083145,0.898426539,0.848478351,0.711492172,-0.775610432
PANACAM_2017-21_38,3/3/2021,5/19/2021,14.8534,-87.8821,1227,140,3_Large,1,0.133197483,-0.371016935,-0.194890231,-0.363661862,-0.154862891,-0.111319167,-0.144521778,-0.502083145,0.854199701,0.726427659,-0.480660283,-0.74638537
PANACAM_2017-21_39,5/18/2021,6/28/2021,14.8417,-87.87,1227,140,3_Large,1,-1.161808253,-0.383354177,-0.194890231,-0.363661862,-0.105570144,-0.362351201,-0.144521778,-0.502083145,1.167199773,0.848478351,0.728439204,-0.788135459
PANACAM_2017-21_40,6/5/2021,8/6/2021,14.8462,-87.8663,1227,140,3_Large,1,-0.40638824,-0.322065944,-0.194890231,-0.363661862,-0.077170773,-0.419244708,-0.144521778,-0.502083145,0.898426539,0.848478351,0.728439204,-0.775610432
PANACAM_2017-21_7,9/1/2019,5/29/2020,14.8064,-87.8717,1227,140,3_Large,1,2.759181338,-0.544603294,-0.194890231,-0.363661862,-0.045268672,-0.379613115,-0.144521778,-0.502083145,0.99926398,1.718808927,-0.906078311,-0.702547777
PANACAM_2017-21_9,3/24/2019,4/27/2019,14.8073,-87.8889,1227,140,3_Large,1,-1.413614924,-0.573347702,-0.194890231,-0.363661862,-0.129613284,-0.349935077,-0.144521778,-0.502083145,1.243269997,1.567351914,-1.153473307,-0.654535175
PANACAM_2022_10,3/9/2022,5/24/2022,14.8417,-87.8251,1227,140,3_Large,3,0.097225102,-0.470851195,-0.194890231,-0.363661862,0.081840497,-0.402275599,-0.144521778,-0.474962786,-1.073712965,0.622066879,0.727726479,-0.282959386
PANACAM_2022_11,3/9/2022,5/24/2022,14.8343,-87.8217,1227,140,3_Large,1,0.097225102,-0.368354689,0.565970731,-0.363661862,0.148753774,-0.389281722,-0.144521778,-0.502083145,-1.333261628,0.315264759,-1.408391519,-0.443697227
PANACAM_2022_13,3/9/2022,4/12/2022,14.8204,-87.8367,1227,140,3_Large,3,-1.413614924,-0.344237864,-0.194890231,-0.363661862,0.085709374,-0.268124876,-0.144521778,-0.502083145,0.677165842,0.49502899,0.483024002,-0.788135459
PANACAM_2022_14,3/9/2022,4/2/2022,14.8156,-87.8304,1227,140,3_Large,2,-1.77333874,-0.248775431,-0.194890231,-0.363661862,0.157748696,-0.488965776,-0.144521778,-0.502083145,-0.778656638,0.701573848,0.200943023,-0.625310113
PANACAM_2022_16,3/10/2022,6/1/2022,14.8165,-87.9007,1227,140,3_Large,1,0.349031773,-0.19793881,-0.194890231,-0.363661862,-0.190470673,-0.20260857,-0.144521778,-0.502083145,0.90550302,1.103948048,0.009061437,-0.742210361
PANACAM_2022_17,3/10/2022,4/25/2022,14.8157,-87.8962,1227,140,3_Large,1,-0.981946345,-0.573347702,-0.194890231,-0.363661862,-0.129613284,-0.286499651,-0.144521778,-0.502083145,1.343475225,1.663004923,-0.079712503,-0.742210361
PANACAM_2022_18,3/10/2022,5/25/2022,14.8736,-87.8925,1227,140,3_Large,1,0.097225102,-0.163361676,-0.194890231,-0.363661862,-0.186845222,0.062656993,-0.144521778,-0.502083145,0.874417728,0.512742133,-0.111230816,-0.475009794
PANACAM_2022_19,3/10/2022,5/25/2022,14.8765,-87.9009,1227,140,3_Large,1,0.097225102,-0.368354689,-0.194890231,-0.363661862,-0.23035561,0.025583691,-0.144521778,-0.502083145,0.751087977,0.02826407,0.783556655,0.320329396
PANACAM_2022_2,3/8/2022,6/1/2022,14.7909,-87.9136,1227,140,3_Large,3,0.420976536,-0.481703766,-0.194890231,-0.363661862,-0.109183641,-0.229699768,-0.144521778,-0.502083145,0.822735518,0.963358038,0.239746976,-0.706722786
PANACAM_2022_2_24,8/16/2022,10/28/2022,14.8404,-87.9038,1227,140,3_Large,1,-0.010692043,-0.46663901,-0.194890231,-0.363661862,-0.238800378,-0.209713968,-0.144521778,-0.502083145,1.151909825,0.662700011,-0.05223297,-0.70881029
PANACAM_2022_2_26,8/12/2022,11/23/2022,14.7953,-87.9187,1227,140,3_Large,1,1.068479404,-0.422090721,-0.194890231,-0.363661862,-0.129551995,-0.051388638,-0.144521778,-0.502083145,1.282947647,0.918496108,-0.131741477,-0.750560379
PANACAM_2022_2_28,8/19/2022,12/5/2022,14.8798,-87.8737,1227,140,3_Large,1,1.248341312,-0.284839017,-0.194890231,-0.363661862,-0.044733352,-0.110110163,-0.144521778,-0.502083145,0.509356555,0.159510789,0.717114785,-0.222421757
PANACAM_2022_21,3/10/2022,5/3/2022,14.8767,-87.8593,1227,140,3_Large,3,-0.694167293,-0.429093359,-0.194890231,-0.363661862,-0.011804399,-0.371258109,-0.144521778,-0.502083145,0.833728975,-0.103867961,0.962213221,0.274404298
PANACAM_2022_22,3/11/2022,5/26/2022,14.8642,-87.9002,1227,140,3_Large,1,0.097225102,-0.163361676,-0.194890231,-0.363661862,-0.249184913,0.00088579,-0.144521778,-0.502083145,0.696751969,0.43809833,0.451584881,-0.523022396
PANACAM_2022_3,3/8/2022,5/17/2022,14.7907,-87.886,1227,140,3_Large,1,-0.118609188,-0.350783859,-0.194890231,-0.363661862,-0.046009318,-0.354672729,-0.144521778,-0.502083145,0.98422673,1.340481179,0.951918295,-0.754735388
PANACAM_2022_5,3/8/2022,5/17/2022,14.7906,-87.8675,1227,140,3_Large,2,-0.118609188,-0.350783859,-0.194890231,-0.363661862,0.034724174,-0.28911414,-0.144521778,-0.502083145,0.540188836,1.376093705,0.868133434,-0.733860343
PANACAM_2022_6,3/8/2022,3/29/2022,14.796,-87.8718,1227,140,3_Large,2,-1.881255885,-0.202407964,-0.194890231,-0.363661862,-0.020159358,-0.229107801,-0.144521778,-0.502083145,0.422166368,1.538089977,-0.304062703,-0.698372768
PANACAM_2022_8,3/9/2022,5/23/2022,14.8303,-87.8187,1227,140,3_Large,1,0.06125272,-0.261758322,3.197535177,-0.363661862,0.148753774,-0.389281722,-0.144521778,-0.502083145,-1.464678653,0.407293866,-1.204156021,-0.211984235
PANACAM_2022_9,3/9/2022,5/23/2022,14.8272,-87.8308,1227,140,3_Large,1,0.06125272,-0.261758322,-0.194890231,-0.363661862,0.105002769,-0.390989009,-0.144521778,-0.502083145,-0.490929023,0.657230318,0.40375307,-0.788135459
PicoBonito_2016_1,11/1/2015,1/9/2016,15.6669,-86.9797,345,1248,4_VeryLarge,1,-0.154581569,-0.347558296,-0.194890231,-0.363661862,-0.540387538,0.169645326,0.837379615,-0.502083145,0.562681459,-0.868927965,0.223116711,-1.099173619
PicoBonito_2016_4,11/14/2015,12/22/2015,15.6813,-86.9343,345,1248,4_VeryLarge,2,-1.269725398,1.886568455,-0.194890231,-0.363661862,-0.216897292,0.195090052,0.837379615,-0.502083145,0.836256267,-0.7576981,-0.99611932,0.493592264
PicoBonito_2016_5,11/25/2015,1/9/2016,15.6781,-86.8998,345,1248,4_VeryLarge,1,-1.017918727,2.542546096,-0.194890231,-0.363661862,-0.368924707,-0.245041118,0.837379615,-0.502083145,0.730743444,-0.824416963,0.053488003,-0.72759783
PicoBonito_2016_6,11/1/2015,12/29/2015,15.6709,-86.9801,345,1248,4_VeryLarge,2,-0.550277766,-0.036124633,-0.194890231,-0.363661862,-0.308330476,0.597384303,0.837379615,-0.502083145,0.562681459,-0.868927965,0.223116711,-1.099173619
PicoBonito_2016_7,11/25/2015,1/26/2016,15.6938,-86.8638,345,1248,4_VeryLarge,1,-0.40638824,-0.322065944,-0.194890231,-0.363661862,-0.448206362,0.5941445,0.837379615,-0.502083145,0.492676611,-1.159789233,0.85839285,0.593792477
PicoBonito_2017_VHS_1,1/19/2017,6/17/2017,15.6817,-86.9001,345,1248,4_VeryLarge,1,2.723208957,1.936096968,-0.194890231,-0.363661862,-0.368924707,-0.079630302,0.837379615,-0.502083145,0.730743444,-0.824416963,0.053488003,-0.019933827
PicoBonito_2022_11,3/19/2022,6/10/2022,15.7473,-86.7591,345,1248,4_VeryLarge,3,0.349031773,0.083617858,-0.194890231,-0.363661862,1.781959228,2.571643828,0.837379615,-0.502083145,-0.370505767,-1.108858222,0.876369375,0.393392051
PicoBonito_2022_12,3/19/2022,6/10/2022,15.7401,-86.7617,345,1248,4_VeryLarge,2,0.349031773,-0.19793881,-0.194890231,-0.363661862,1.276941165,1.422146929,0.837379615,-0.502083145,-0.370505767,-1.012867342,1.090583032,0.268141785
PicoBonito_2022_14,3/20/2022,6/11/2022,15.72,-86.7396,345,1248,4_VeryLarge,1,0.349031773,-0.385643256,-0.194890231,-0.363661862,0.915688606,0.378588297,0.837379615,-0.502083145,0.155288838,-1.036665394,0.94304882,-0.50632236
PicoBonito_2022_15,3/20/2022,6/11/2022,15.7221,-86.7479,345,1248,4_VeryLarge,1,0.349031773,-0.385643256,-0.194890231,-0.363661862,1.370542922,0.456834163,0.837379615,-0.502083145,-0.341315866,-0.893092881,0.964351398,-0.710897795
PicoBonito_2022_2,3/16/2022,6/10/2022,15.6321,-87.0295,345,1248,4_VeryLarge,1,0.456948918,-0.392191085,-0.194890231,-0.363661862,-0.23971099,0.645633837,0.837379615,-0.502083145,0.497983894,-0.908899489,0.863223546,-0.813185512
PicoBonito_2022_3,5/5/2022,6/10/2022,15.6243,-87.0248,345,1248,4_VeryLarge,1,-1.341670161,-0.573347702,-0.194890231,-0.363661862,-0.451841752,0.228179605,0.837379615,-0.502083145,0.588332962,-0.627952053,-0.213625736,-1.149273726
PicoBonito_2022_5,3/17/2022,6/10/2022,15.6743,-86.899,345,1248,4_VeryLarge,1,0.420976536,-0.298415896,-0.194890231,-0.363661862,-0.554966837,-0.245041118,0.837379615,-0.502083145,0.668320474,-0.824416963,0.053488003,-0.72759783
PicoBonito_2022_7,3/17/2022,6/10/2022,15.6895,-86.9014,345,1248,4_VeryLarge,1,0.420976536,-0.390059831,-0.194890231,-0.363661862,0.333175182,1.332382004,0.837379615,-0.502083145,-0.098320954,-1.043124391,0.482707235,0.113666457
PicoBonito_2022_8,4/18/2022,8/27/2022,15.5911,-87.0615,345,1248,4_VeryLarge,1,2.075706088,-0.454420457,-0.194890231,-0.363661862,-0.462462655,-0.00499789,0.837379615,-0.502083145,0.232369854,-0.506177169,0.92483472,0.13871651
PicoBonito_2022_9,3/18/2022,6/2/2022,15.5939,-87.0527,345,1248,4_VeryLarge,3,0.097225102,-0.265858182,-0.194890231,-0.363661862,-0.533356294,-0.139578104,0.837379615,-0.502083145,0.232369854,-0.715199018,-0.323068721,-0.827798043
PicoBonitoS_2022_1,11/20/2021,2/6/2022,15.5375,-86.9282,345,1248,4_VeryLarge,1,0.169169865,-0.37361092,-0.194890231,-0.363661862,-0.774330606,-0.457598264,0.837379615,-0.502083145,0.102469017,1.094868949,-2.5657788,-0.790222963
PicoBonitoS_2022_2,11/20/2021,2/6/2022,15.5338,-86.9342,345,1248,4_VeryLarge,2,0.169169865,-0.37361092,-0.194890231,-0.363661862,-0.764478942,-0.431021184,0.837379615,-0.502083145,0.957185231,1.049251691,0.184154375,-0.946785796
PicoBonitoS_2022_3,11/19/2021,2/5/2022,15.526,-86.9416,345,1248,4_VeryLarge,1,0.169169865,-0.37361092,-0.194890231,-0.363661862,-0.698348299,-0.48345143,0.837379615,-0.502083145,0.601727519,0.668825384,0.865282531,-0.998973407
PicoBonitoS_2022_4,11/19/2021,2/5/2022,15.5227,-86.9492,345,1248,4_VeryLarge,1,0.169169865,-0.37361092,-0.194890231,-0.363661862,-0.609585771,-0.539021558,0.837379615,-0.502083145,0.601727519,0.668825384,0.945186997,-1.06159854
PicoBonitoS_2022_6,11/20/2021,2/6/2022,15.5307,-86.9272,345,1248,4_VeryLarge,2,0.169169865,-0.37361092,-0.194890231,-0.363661862,-0.717738956,-0.464874115,0.837379615,-0.502083145,0.348623436,1.094868949,0.212821784,-0.938435778
PicoPijol_2017_1,1/19/2017,3/3/2017,15.2196,-87.5717,732,102,3_Large,1,-1.08986349,-0.392191085,-0.194890231,-0.363661862,-0.033399963,-0.056003698,-0.286654935,-0.502083145,0.380340317,1.18004913,0.664373086,-0.9488733
PicoPijol_2017_12,1/14/2017,3/4/2017,15.1839,-87.6077,732,102,3_Large,2,-0.874029201,-0.414373528,-0.194890231,-0.363661862,0.009699412,-0.225774135,-0.286654935,-0.502083145,1.050566988,1.688125806,0.439310161,-0.786047954
PicoPijol_2017_2,1/18/2017,2/22/2017,15.154,-87.6173,732,102,3_Large,1,-1.377642543,-0.350783859,-0.194890231,-0.305878695,0.017943893,-0.302056556,-0.286654935,-0.471158552,-1.107704596,1.225789268,0.867103941,-0.819448025
PicoPijol_2017_3,1/12/2017,3/3/2017,15.1667,-87.5595,732,102,3_Large,1,-0.838056819,-0.261758322,-0.194890231,-0.363661862,-0.105944429,-0.457980494,-0.286654935,-0.502083145,-0.788765652,1.095325524,0.483499152,-0.813185512
PicoPijol_2017_5,1/10/2017,3/1/2017,15.2076,-87.6236,732,102,3_Large,1,-0.838056819,-0.105963632,-0.194890231,-0.363661862,0.484804907,0.003736706,-0.286654935,-0.502083145,0.973738669,0.188691798,-0.875035149,-0.927998256
PicoPijol_2017_6,1/19/2017,3/3/2017,15.1991,-87.5709,732,102,3_Large,1,-1.08986349,0.151278763,-0.194890231,-0.363661862,-0.135259957,-0.39636253,-0.286654935,-0.502083145,0.596293731,1.245166282,0.488804999,-0.852848096
PuntoIzopo_2019_1,5/8/2019,7/15/2019,15.8375,-87.3678,61,12,1_Small,1,-0.190553951,-0.344237864,-0.194890231,-0.363661862,-0.719741272,-0.270434325,-1.247196622,0.729385315,-0.977677567,-1.233904454,-0.463475676,1.528994463
PuntoIzopo_2019_2,5/9/2019,7/16/2019,15.7813,-87.3627,79,2,1_Small,1,-0.190553951,0.915866246,-0.194890231,-0.363661862,0.118320002,0.20148713,-2.051405246,0.40695613,-2.667776058,-1.248042892,0.854354071,1.506031914
PuntoIzopo_2019_3,5/7/2019,7/15/2019,15.8167,-87.3551,61,12,1_Small,1,-0.154581569,-0.347558296,-0.194890231,-0.363661862,-0.477359055,-0.352193067,-1.247196622,0.672098979,-0.462876732,-1.229375072,0.924597144,1.445494286
PuntoIzopo_2019_4,5/7/2019,7/15/2019,15.834,-87.363,61,12,1_Small,1,-0.154581569,-0.347558296,-0.194890231,-0.363661862,-0.719741272,-0.270434325,-1.247196622,0.736315248,-0.977677567,-1.234148546,0.195162026,1.524819454
PuntoIzopo_2019_5,5/8/2019,7/15/2019,15.8242,-87.3781,61,12,1_Small,1,-0.190553951,-0.344237864,-0.194890231,-0.363661862,-0.469680141,-0.344107355,-1.247196622,0.534474763,-0.896805455,-1.232993091,0.7505337,1.570744552
PuntoIzopo_2019_6,5/9/2019,7/16/2019,15.787,-87.3654,79,2,1_Small,2,-0.190553951,-0.344237864,-0.194890231,-0.363661862,-0.088512013,0.050276794,-2.051405246,0.400057171,-2.053780592,-1.242540038,0.854354071,1.506031914
PuntoIzopo_2019_7,5/7/2019,7/15/2019,15.8274,-87.3559,61,12,1_Small,1,-0.154581569,3.4908616,5.336238152,-0.363661862,-0.630334136,-0.341936391,-1.247196622,0.742433333,-0.524036211,-1.227794987,0.946216489,1.491419383
PuntoIzopo_2019_8,5/8/2019,7/15/2019,15.8209,-87.3739,61,12,1_Small,1,-0.190553951,-0.229682944,-0.194890231,-0.363661862,-0.268836315,-0.169774397,-1.247196622,0.539489305,-0.896805455,-1.232993091,0.7505337,1.537344481
RioTintoC_2021_1,2/5/2021,5/26/2021,15.7412,-85.2243,162,131,3_Large,1,1.320286075,-0.360900397,-0.194890231,-0.363661862,0.260096909,-0.418113434,-0.174344822,-0.472238689,-0.229990677,-0.643406269,0.557305854,1.796195031
RioTintoC_2021_10,2/7/2021,6/1/2021,15.7595,-85.2432,162,131,3_Large,2,1.464175602,-0.436685693,-0.194890231,-0.363661862,-0.006692901,-0.55212891,-0.174344822,-0.502083145,-0.677313957,-0.175701173,0.413097695,0.702342707
RioTintoC_2021_11,2/8/2021,5/31/2021,15.7557,-85.2021,162,131,3_Large,1,1.392230838,-0.4342453,-0.194890231,-0.363661862,0.210012815,-0.438248934,-0.174344822,-0.502083145,-0.009108871,-1.087460637,0.37872848,1.973632908
RioTintoC_2021_12,2/5/2021,6/1/2021,15.7634,-85.1989,162,131,3_Large,1,1.536120365,-0.304736167,-0.095191209,-0.363661862,0.154780925,-0.412988934,-0.174344822,-0.502083145,-0.383268423,-0.987321683,0.37872848,2.272146042
RioTintoC_2021_3,2/6/2021,5/31/2021,15.7306,-85.2303,162,131,3_Large,1,1.464175602,-0.300023684,-0.194890231,-0.363661862,0.346080609,-0.478586808,-0.174344822,-0.502083145,-0.631823316,-0.935538516,0.601574037,1.969457899
RioTintoC_2021_4,2/6/2021,5/31/2021,15.7382,-85.2362,162,131,3_Large,1,1.464175602,-0.368354689,-0.194890231,-0.363661862,0.149325463,-0.446357317,-0.174344822,-0.502083145,0.364292275,-0.73117173,0.514304739,1.518556941
RioTintoC_2021_6,2/6/2021,5/31/2021,15.7224,-85.2444,162,131,3_Large,1,1.464175602,-0.436685693,-0.194890231,-0.363661862,0.137896288,-0.39595787,-0.174344822,-0.471318565,-0.272322124,-0.63732424,0.296844221,1.846295137
RioTintoC_2021_7,2/6/2021,5/31/2021,15.7468,-85.2375,162,131,3_Large,1,1.464175602,-0.436685693,-0.194890231,-0.363661862,0.04502027,-0.493330015,-0.174344822,-0.502083145,0.261938646,-0.558509191,0.514304739,1.013380868
RioTintoC_2021_8,2/6/2021,6/2/2021,15.7446,-85.2307,162,131,3_Large,1,1.536120365,-0.439041934,-0.194890231,-0.363661862,0.105777696,-0.462785499,-0.174344822,-0.502083145,-0.229990677,-0.643406269,0.612819264,1.518556941
RioTintoC_2021_9,2/7/2021,6/1/2021,15.7565,-85.2329,162,131,3_Large,1,1.464175602,-0.436685693,-0.194890231,-0.363661862,0.046539157,-0.489167656,-0.174344822,-0.502083145,0.356963095,-0.377146033,0.309277324,1.06139347
RioTintoN_2021_2,11/21/2021,2/18/2022,15.8126,-85.1582,162,131,3_Large,1,0.564866062,-0.398297488,-0.194890231,0.04211844,0.247733212,-0.433503245,-0.174344822,-0.502083145,0.000621096,-0.918187917,0.212346634,2.447496414
RioTintoN_2021_3,11/21/2021,2/5/2022,15.8177,-85.1631,162,131,3_Large,1,0.097225102,-0.470851195,-0.194890231,-0.143945537,0.225263478,-0.439371211,-0.174344822,-0.502083145,0.289485541,-0.918187917,0.35370389,2.065483103
RioTintoN_2021_4,11/21/2021,1/20/2022,15.8172,-85.1607,162,131,3_Large,1,-0.478333003,-0.443518793,-0.194890231,-0.062123825,0.225263478,-0.439371211,-0.174344822,-0.502083145,0.289485541,-0.918187917,0.35370389,2.447496414
RioTintoN_2021_5,11/22/2021,2/19/2022,15.8165,-85.155,162,131,3_Large,1,0.564866062,-0.398297488,-0.194890231,0.135377479,0.290671839,-0.476651072,-0.174344822,-0.502083145,0.212278331,-1.082704487,0.212346634,2.447496414
RioTintoN_2021_8,11/21/2021,12/22/2021,15.8116,-85.1769,162,131,3_Large,1,-1.521532069,-0.322065944,-0.194890231,-0.363661862,0.150649322,-0.433727197,-0.174344822,-0.502083145,-0.489918231,-0.421787067,0.661126225,1.199168763
RioTintoSur_2020_1,12/16/2020,2/9/2021,15.4545,-85.506,543,338,3_Large,1,-0.658194911,0.13480998,-0.194890231,-0.363661862,-0.412176762,-0.435633065,0.251085047,-0.502083145,1.448356147,0.2905033,-0.569909375,-0.166059137
RioTintoSur_2020_10,12/18/2020,2/9/2021,15.4432,-85.4867,543,338,3_Large,1,-0.730139674,-0.132419334,-0.194890231,-0.363661862,-0.476717291,-0.426116678,0.251085047,-0.502083145,0.436192514,1.047332076,0.687259499,-0.067946429
RioTintoSur_2020_12,12/19/2020,2/9/2021,15.4621,-85.5143,543,338,3_Large,1,-0.766112056,6.617176447,-0.194890231,-0.363661862,-0.339375547,-0.35786539,0.251085047,-0.502083145,0.048386019,0.413494311,-0.103628409,-0.364372059
RioTintoSur_2020_2,12/16/2020,2/9/2021,15.4491,-85.4997,543,338,3_Large,2,-0.658194911,-0.006821557,-0.194890231,-0.363661862,-0.439472293,-0.457362917,0.251085047,-0.502083145,1.61780844,1.002172738,-0.238175175,0.013466244
RioTintoSur_2020_3,12/16/2020,2/9/2021,15.4606,-85.4955,543,338,3_Large,1,-0.658194911,-0.148453093,-0.194890231,-0.363661862,-0.40605116,-0.31079691,0.251085047,-0.502083145,0.988649414,1.421605746,-1.154740375,0.065653855
RioTintoSur_2020_4,12/17/2020,2/9/2021,15.4498,-85.4919,543,338,3_Large,1,-0.694167293,-0.140584674,-0.194890231,-0.363661862,-0.465187433,-0.322067066,0.251085047,-0.502083145,0.576454906,1.047332076,-0.199133647,0.067741359
RioTintoSur_2020_5,12/17/2020,2/9/2021,15.4539,-85.4817,543,338,3_Large,1,-0.694167293,-0.284839017,-0.194890231,-0.363661862,-0.468778171,-0.387278632,0.251085047,-0.502083145,0.606150203,1.11654689,0.127690664,-0.032458854
RioTintoSur_2020_6,12/17/2020,2/9/2021,15.4623,-85.4859,543,338,3_Large,3,-0.694167293,-0.284839017,-0.194890231,-0.363661862,-0.441360063,-0.280511912,0.251085047,-0.502083145,0.606150203,1.272310844,-0.168328061,0.06356635
RioTintoSur_2020_7,12/17/2020,2/10/2021,15.4403,-85.4981,543,338,3_Large,1,-0.658194911,-0.290084629,-0.194890231,-0.363661862,-0.459947741,-0.294857835,0.251085047,-0.502083145,1.313653735,0.875124674,0.352357631,-0.099258995
RioTintoSur_2020_8,12/17/2020,1/6/2021,15.4304,-85.4985,543,338,3_Large,2,-1.917228266,-0.183860977,-0.194890231,-0.363661862,-0.474964485,-0.312578387,0.251085047,-0.487409726,0.74009452,0.458305744,-0.486362089,-0.251646819
RP_AG_2020_1,12/12/2020,1/25/2021,15.2106,-85.4595,643,4,1_Small,1,-1.053891108,0.842967661,0.593638402,-0.329678941,-0.022977114,-0.370661465,-1.740294882,-0.005454264,-1.488308416,-0.374865458,-0.215843105,-0.207809226
RP_AG_2020_2,12/12/2020,1/26/2021,15.2249,-85.4659,643,4,1_Small,1,-1.017918727,3.061861729,0.576115543,-0.363661862,-0.044631013,-0.48525138,-1.740294882,-0.163564336,-1.346150633,-0.343403874,0.135451454,-0.153534111
RP_Aukabenk_2019_1,11/2/2019,2/28/2020,15.5204,-84.6249,880,8003,4_VeryLarge,1,1.608065128,-0.441318303,-0.194890231,-0.363661862,-0.809113156,-0.479349887,1.671442536,-0.502083145,-0.227336879,-1.207327545,-1.159016729,2.480896485
RP_Aukabenk_2019_11,11/3/2019,2/28/2020,15.5392,-84.6508,880,8003,4_VeryLarge,1,1.572092746,-0.307031992,-0.194890231,-0.363661862,-0.737147797,-0.512961474,1.671442536,-0.502083145,0.312483559,-1.194605986,-0.942189745,2.44540891
RP_Aukabenk_2019_16,11/3/2019,2/28/2020,15.4956,-84.6208,880,8003,4_VeryLarge,1,1.572092746,0.025862644,-0.194890231,-0.363661862,-0.919337238,-0.455520504,1.671442536,-0.502083145,-0.767536676,-1.208324127,-0.585034997,2.460021441
RP_Aukabenk_2019_17,11/2/2019,2/27/2020,15.5286,-84.635,880,8003,4_VeryLarge,1,1.572092746,-0.240453065,-0.096043337,-0.363661862,-0.807834345,-0.471167914,1.671442536,-0.502083145,0.26181214,-1.183902135,-1.312173554,2.474633972
RP_Aukabenk_2019_18,11/5/2019,12/2/2019,15.5243,-84.6404,880,8003,4_VeryLarge,1,-1.665421595,-0.284839017,-0.194890231,-0.363661862,-0.813275583,-0.532579198,1.671442536,-0.502083145,-0.015932654,-1.176163477,-1.005147178,2.455846432
RP_Aukabenk_2019_6,11/2/2019,2/27/2020,15.5061,-84.6815,880,8003,4_VeryLarge,1,1.572092746,-0.440189847,-0.194890231,-0.363661862,-0.896053686,-0.509887866,1.671442536,-0.502083145,0.63837248,-1.075033719,-0.952801438,2.391133794
RP_Aukabenk_2019_7,11/3/2019,2/28/2020,15.5245,-84.6721,880,8003,4_VeryLarge,1,1.572092746,-0.440189847,-0.194890231,-0.363661862,-0.832387381,-0.525197489,1.671442536,-0.502083145,0.419639075,-1.146019096,-0.903544176,2.412008839
RP_Aukabenk_2019_9,11/1/2019,2/27/2020,15.5108,-84.6552,880,8003,4_VeryLarge,1,1.608065128,-0.375303604,-0.194890231,-0.363661862,-0.896926254,-0.481426808,1.671442536,-0.502083145,0.283799367,-1.179652949,-0.444390466,2.409921334
RP_CBlanco_2017_1,2/21/2017,5/3/2017,15.2505,-84.9695,880,8003,4_VeryLarge,1,-0.082636806,-0.353918561,-0.194890231,-0.363661862,-1.122930189,-0.497894215,1.671442536,-0.502083145,0.928753737,-0.81166361,-0.949317001,1.608319632
RP_CBlanco_2017_16,2/19/2017,7/7/2017,15.2288,-84.963,880,8003,4_VeryLarge,1,2.327512759,-0.347558296,-0.194890231,-0.363661862,-1.117286173,-0.442622409,1.671442536,-0.502083145,0.685632007,-0.877878425,-0.700021403,1.625019667
RP_CBlanco_2017_17,2/20/2017,6/13/2017,15.2413,-84.9595,880,8003,4_VeryLarge,2,1.42820322,1.012173479,-0.194890231,-0.363661862,-1.122145901,-0.504442313,1.671442536,-0.502083145,0.474227782,-0.895114928,-0.523819782,1.641719703
RP_CBlanco_2017_19,2/20/2017,9/5/2017,15.2453,-84.9709,880,8003,4_VeryLarge,1,2.759181338,-0.336096905,-0.194890231,-0.363661862,-1.122930189,-0.497894215,1.671442536,-0.502083145,0.928753737,-0.797598849,-0.403923487,1.591619596
RP_CBlanco_2017_20,2/21/2017,9/5/2017,15.2507,-84.9755,880,8003,4_VeryLarge,1,2.759181338,-0.533604158,-0.194890231,-0.363661862,-1.117708733,-0.497894215,1.671442536,-0.502083145,0.928753737,-0.81166361,-0.949317001,1.497681897
RP_CBlanco_2017_4,2/22/2017,5/8/2017,15.2474,-84.9677,880,8003,4_VeryLarge,1,0.06125272,-0.261758322,-0.194890231,-0.363661862,-1.122930189,-0.497894215,1.671442536,-0.502083145,0.928753737,-0.797598849,-0.523819782,1.608319632
RP_CBlanco_2017_5,2/22/2017,4/10/2017,15.2443,-84.9629,880,8003,4_VeryLarge,2,-0.945973964,-0.40760867,-0.194890231,-0.363661862,-1.127143566,-0.504442313,1.671442536,-0.502083145,0.74135801,-0.895114928,-0.523819782,1.641719703
RP_CBlanco_2017_6,2/22/2017,4/26/2017,15.2485,-84.9731,880,8003,4_VeryLarge,1,-0.370415859,-0.078761384,-0.194890231,-0.363661862,-1.122930189,-0.497894215,1.671442536,-0.502083145,0.928753737,-0.797598849,-0.949317001,1.608319632
RP_CBlanco_2017_7,2/22/2017,7/20/2017,15.2467,-84.9757,880,8003,4_VeryLarge,2,2.687236575,-0.52071436,-0.194890231,-0.363661862,-1.117708733,-0.497894215,1.671442536,-0.502083145,0.928753737,-0.797598849,-0.403923487,1.562394534
RP_CBlanco_2017_8,2/21/2017,5/4/2017,15.2441,-84.973,880,8003,4_VeryLarge,3,-0.046664424,-0.356966188,-0.194890231,-0.363661862,-1.122930189,-0.465069998,1.671442536,-0.502083145,0.928753737,-0.797598849,-0.403923487,1.591619596
RP_Nucleo_2021_1,4/27/2021,10/22/2021,15.4025,-85.1762,880,8003,4_VeryLarge,2,2.759181338,-0.442060042,-0.194890231,-0.363661862,-1.135736369,-0.442859436,1.671442536,-0.502083145,0.503922766,-0.673687822,-0.806455102,1.232568833
RP_Nucleo_2021_3,4/29/2021,6/14/2021,15.4484,-85.0878,880,8003,4_VeryLarge,3,-0.981946345,-0.065321539,-0.194890231,-0.363661862,-1.11485926,-0.456211431,1.671442536,-0.502083145,0.316274654,-0.893874249,-1.072856116,1.737744907
RP_Uhurra_2020_10,10/30/2020,12/13/2020,15.3303,-84.8836,880,8003,4_VeryLarge,2,-1.053891108,-0.396308281,-0.194890231,-0.363661862,-1.136416207,-0.444578478,1.671442536,-0.502083145,0.914474581,-0.950952293,-0.975687851,1.973632908
RP_Uhurra_2020_11,10/30/2020,1/28/2021,15.342,-84.8851,880,8003,4_VeryLarge,1,0.600838444,-0.400242491,-0.194890231,-0.363661862,-1.137135274,-0.498623947,1.671442536,-0.502083145,1.099595713,-0.9849501,-0.361555906,1.992420448
RP_Uhurra_2020_12,10/30/2020,1/28/2021,15.3494,-84.8873,880,8003,4_VeryLarge,1,0.600838444,-0.400242491,-0.194890231,-0.363661862,-1.137135274,-0.509993844,1.671442536,-0.502083145,1.070911521,-0.959547432,-1.008948382,1.990332943
RP_Uhurra_2020_15,10/29/2020,1/27/2021,15.3521,-84.8939,880,8003,4_VeryLarge,1,0.600838444,-0.313689885,-0.194890231,-0.363661862,-1.139346186,-0.486585494,1.671442536,-0.502083145,1.064846144,-0.948041982,-0.546627003,1.992420448
RP_Uhurra_2020_16,10/30/2020,1/27/2021,15.3435,-84.8929,880,8003,4_VeryLarge,1,0.564866062,-0.398297488,-0.194890231,-0.363661862,-1.13900435,-0.486585494,1.671442536,-0.502083145,1.12410992,-0.921103987,-0.361555906,1.933970323
RP_Uhurra_2020_17,10/30/2020,1/27/2021,15.3501,-84.8922,880,8003,4_VeryLarge,1,0.564866062,-0.398297488,-0.194890231,-0.363661862,-1.13900435,-0.486585494,1.671442536,-0.502083145,1.064846144,-0.948041982,-1.008948382,1.992420448
RP_Uhurra_2020_18,10/30/2020,12/26/2020,15.3571,-84.8955,880,8003,4_VeryLarge,1,-0.586250148,-0.436685693,-0.194890231,-0.363661862,-1.139346186,-0.447633913,1.671442536,-0.502083145,1.064846144,-0.959036137,-1.037853367,2.00285797
RP_Uhurra_2020_4,10/30/2020,12/24/2020,15.3351,-84.8784,880,8003,4_VeryLarge,1,-0.658194911,-0.431716165,-0.194890231,-0.363661862,-1.134888412,-0.486189111,1.671442536,-0.502083145,0.917254572,-1.025622136,-0.975687851,1.992420448
RP_Uhurra_2020_5,10/30/2020,12/1/2020,15.3364,-84.8823,880,8003,4_VeryLarge,1,-1.485559687,-0.329918499,-0.194890231,-0.363661862,-1.136689472,-0.486189111,1.671442536,-0.502083145,0.775854882,-0.950952293,-0.975687851,1.992420448
RP_Uhurra_2020_6,10/26/2020,12/4/2020,15.3392,-84.8877,880,8003,4_VeryLarge,2,-1.233753016,-0.37361092,-0.194890231,-0.363661862,-1.136689472,-0.498623947,1.671442536,-0.502083145,0.775854882,-0.9849501,-0.361555906,1.992420448
RP_Uhurra_2020_9,10/30/2020,1/27/2021,15.3332,-84.8824,880,8003,4_VeryLarge,1,0.564866062,-0.398297488,-0.194890231,-0.363661862,-1.136689472,-0.444578478,1.671442536,-0.502083145,0.775854882,-0.950952293,-0.975687851,1.973632908
RP_Wuarska_2021_1,11/11/2021,1/29/2022,15.3111,-85.2945,880,8003,4_VeryLarge,1,0.205142247,0.314090405,0.829864279,-0.363661862,-0.652077159,-0.443590188,1.671442536,-0.502083145,0.696120068,-0.042956663,-1.242247248,0.261879272
RP_Wuarska_2021_10,11/13/2021,1/31/2022,15.3359,-85.2732,880,8003,4_VeryLarge,1,0.205142247,-0.376139233,-0.194890231,-0.363661862,-0.904939895,-0.402478319,1.671442536,-0.493347992,0.885158487,-0.486507019,0.004468316,0.495679768
RP_Wuarska_2021_11,11/13/2021,12/11/2021,15.3422,-85.2771,880,8003,4_VeryLarge,2,-1.629449214,-0.295142898,-0.194890231,-0.363661862,-0.904939895,-0.484012089,1.671442536,-0.502083145,0.885158487,-0.438233491,-0.028158681,0.495679768
RP_Wuarska_2021_3,11/12/2021,12/15/2021,15.3259,-85.2825,880,8003,4_VeryLarge,1,-1.449587306,-0.337295141,-0.194890231,-0.363661862,-0.763439668,-0.478848185,1.671442536,-0.502083145,0.730490746,-0.321486317,-0.78087617,0.401742069
RP_Wuarska_2021_4,11/12/2021,1/22/2022,15.3574,-85.2386,880,8003,4_VeryLarge,1,-0.082636806,-0.463633131,-0.194890231,-0.363661862,-1.109498175,-0.517430492,1.671442536,-0.502083145,0.261685948,-0.587282921,-0.840349167,0.575004937
RP_Wuarska_2021_5,11/12/2021,1/31/2022,15.3413,-85.2578,880,8003,4_VeryLarge,1,0.241114628,-0.378604339,-0.194890231,-0.363661862,-0.993463886,-0.439984889,1.671442536,-0.502083145,0.242352519,-0.498223333,0.336281707,0.63763007
RP_Wuarska_2021_6,11/12/2021,1/30/2022,15.3382,-85.2634,880,8003,4_VeryLarge,1,0.205142247,-0.376139233,-0.194890231,-0.363661862,-0.953600024,-0.439984889,1.671442536,-0.502083145,0.242352519,-0.498223333,-0.213704928,0.662680123
RP_Wuarska_2021_7,11/13/2021,1/30/2022,15.3373,-85.2612,880,8003,4_VeryLarge,1,0.169169865,-0.37361092,-0.194890231,-0.363661862,-0.993463886,-0.413342375,1.671442536,-0.502083145,0.242352519,-0.498223333,-0.213704928,0.662680123
RP_Wuarska_2021_8,11/13/2021,1/30/2022,15.3338,-85.2626,880,8003,4_VeryLarge,1,0.169169865,-0.37361092,-0.194890231,-0.363661862,-0.950536773,-0.413342375,1.671442536,-0.502083145,0.56331336,-0.498223333,-0.213704928,0.662680123
SantaBarbara_2019_1,2/16/2019,4/20/2019,14.9085,-88.115,1156,114,3_Large,1,-0.370415859,0.292178353,-0.194890231,-0.363661862,-0.056646425,-0.477126444,-0.236732713,-0.502083145,1.349161711,2.48311946,0.448892362,-0.399859634
SantaBarbara_2019_3,2/17/2019,3/16/2019,14.9472,-88.1307,1156,114,3_Large,1,-1.665421595,0.580687038,-0.194890231,-0.363661862,-0.044968567,-0.416800611,-0.236732713,-0.502083145,1.283200345,2.366122398,0.516680491,-0.472922289
SantaBarbara_2019_4,2/18/2019,4/21/2019,14.8722,-88.1503,1156,114,3_Large,1,-0.40638824,-0.196425065,-0.194890231,-0.363661862,0.02667148,0.209590175,-0.236732713,-0.502083145,-0.337525084,0.812906144,-0.143461854,-0.389422112
SantaBarbara_2019_5,2/17/2019,4/20/2019,14.9079,-88.0975,1156,114,3_Large,1,-0.40638824,2.190751635,-0.194890231,-0.363661862,0.136361557,-0.045748102,-0.236732713,-0.409615734,-0.647113264,1.356427923,-0.025228586,-0.598172555
SantaBarbara_2019_6,2/15/2019,4/18/2019,14.8703,-88.1484,1156,114,3_Large,1,-0.40638824,0.054856693,-0.194890231,-0.363661862,0.016546359,-0.093870607,-0.236732713,-0.502083145,1.248956171,1.626797197,-0.143461854,-0.389422112
SantaBarbaraN_2021_1,7/4/2021,9/19/2021,15.0766,-88.0952,868,30,2_Medium,1,0.133197483,-0.371016935,-0.194890231,3.245040872,0.341441126,-0.222623698,-0.835931092,0.261185676,0.085536688,0.51837637,0.796385717,-0.324709474
SantaBarbaraN_2021_2,7/4/2021,9/19/2021,15.0467,-88.1227,868,30,2_Medium,1,0.133197483,-0.472182319,-0.194890231,2.072268782,0.308500361,0.982551467,-0.835931092,-0.130011185,-1.047176862,-0.126576942,0.646079795,-0.047071385
SantaBarbaraN_2021_3,7/10/2021,9/19/2021,14.9981,-88.1503,1156,114,3_Large,1,-0.082636806,-0.353918561,-0.194890231,0.118067772,0.166305454,-0.078334093,-0.236732713,-0.502083145,-0.222408799,0.626837501,0.788149776,-0.349759528
SantaBarbaraN_2021_4,7/16/2021,9/24/2021,15.0915,-88.1372,868,30,2_Medium,1,-0.118609188,-0.350783859,-0.194890231,3.453017187,0.305356287,-0.255623585,-0.835931092,0.398123897,-0.467425608,0.110870493,0.326778698,-0.199459208
SantaBarbaraN_2021_5,7/16/2021,9/24/2021,15.0861,-88.1261,868,30,2_Medium,1,-0.118609188,-0.350783859,-0.194890231,3.366965024,0.348234994,-0.234408631,-0.835931092,0.333727409,0.515800823,0.357167298,0.189222646,-0.280871881
Texiguat_2017_2V_12,7/18/2017,11/17/2017,15.4453,-87.304,376,1248,4_VeryLarge,1,1.751954654,-0.126395722,-0.194890231,-0.363661862,-0.481351013,-0.364522645,0.837379615,-0.502083145,0.594019449,1.644461188,0.670946001,-0.831973052
Texiguat_2017_2VHS_13,1/11/2017,6/16/2017,15.4451,-87.304,376,1248,4_VeryLarge,1,2.759181338,0.774875576,-0.194890231,-0.363661862,-0.481351013,-0.364522645,0.837379615,-0.502083145,0.594019449,1.644461188,0.670946001,-0.831973052
Texiguat_2017_2VHS_14,1/12/2017,6/15/2017,15.4343,-87.3124,376,1248,4_VeryLarge,2,2.759181338,0.640636895,-0.194890231,-0.363661862,-0.450416922,-0.513608499,0.837379615,-0.502083145,0.248670594,1.397335422,0.357821861,-0.91129822
TexiguatNE_2022_1,3/22/2022,6/8/2022,15.4945,-87.4376,376,1248,4_VeryLarge,1,0.169169865,6.617176447,7.663437857,0.111357608,0.027682055,-0.344412575,0.837379615,-0.502083145,0.437203306,-0.8321296,0.737229487,-1.105436133
TexiguatNE_2022_10,3/24/2022,6/9/2022,15.5316,-87.3301,376,1248,4_VeryLarge,2,0.133197483,0.033644597,-0.194890231,-0.363661862,-0.573586167,-0.322364429,0.837379615,-0.502083145,0.260927854,-0.298654552,-0.651793634,-1.172236275
TexiguatNE_2022_11,3/24/2022,6/9/2022,15.5216,-87.3397,376,1248,4_VeryLarge,1,0.133197483,1.14646381,-0.194890231,-0.363661862,-0.602622477,-0.314000247,0.837379615,-0.502083145,1.065983129,-0.427952856,-0.623205416,-1.424824311
TexiguatNE_2022_12,3/24/2022,5/30/2022,15.517,-87.3322,376,1248,4_VeryLarge,1,-0.226526332,0.93809332,-0.194890231,-0.363661862,-0.602622477,-0.46009538,0.837379615,-0.502083145,1.065983129,-0.038190457,-1.226250516,-1.462399391
TexiguatNE_2022_13,4/1/2022,6/9/2022,15.5223,-87.3199,376,1248,4_VeryLarge,1,-0.154581569,0.555599327,-0.194890231,-0.363661862,-0.601736171,-0.350551394,0.837379615,-0.502083145,0.302374701,0.089399239,-0.6243141,-1.165973761
TexiguatNE_2022_14,4/1/2022,4/30/2022,15.515,-87.3244,376,1248,4_VeryLarge,1,-1.593476832,1.575544573,0.203905859,-0.363661862,-0.600532909,-0.392811391,0.837379615,-0.502083145,1.189439385,0.261905778,-1.310510528,-1.230686399
TexiguatNE_2022_15,4/1/2022,6/9/2022,15.5063,-87.3233,376,1248,4_VeryLarge,1,-0.154581569,-0.460452999,-0.194890231,-0.363661862,-0.610271791,-0.315483342,0.837379615,-0.502083145,1.098458416,0.487694786,-0.788795344,-1.26408647
TexiguatNE_2022_16,4/1/2022,6/9/2022,15.5021,-87.3272,376,1248,4_VeryLarge,2,-0.154581569,0.442704624,-0.194890231,-0.363661862,-0.606959911,-0.315483342,0.837379615,-0.502083145,1.015817418,0.487694786,-0.224791771,-1.26408647
TexiguatNE_2022_2,3/22/2022,6/8/2022,15.4895,-87.4298,376,1248,4_VeryLarge,1,0.169169865,6.317571274,8.404789563,-0.154644871,-0.028908911,-0.308618929,0.837379615,-0.502083145,0.6596013,-0.530405637,0.362177406,-1.322536594
TexiguatNE_2022_3,3/22/2022,6/8/2022,15.4914,-87.4182,376,1248,4_VeryLarge,1,0.169169865,6.617176447,8.849600587,-0.19811998,-0.13594162,-0.294981806,0.837379615,-0.502083145,0.749318779,-0.272229317,-0.452626407,-1.364286683
TexiguatNE_2022_4,3/22/2022,6/8/2022,15.4916,-86.4792,303,176,3_Large,1,0.169169865,3.021914373,1.436083523,1.94256094,1.022949112,-0.088339468,-0.041809126,-0.407673476,-2.372466839,-1.019142907,0.118979572,-1.322536594
TexiguatNE_2022_5,3/23/2022,6/8/2022,15.4836,-87.4532,376,1248,4_VeryLarge,1,0.133197483,-0.472182319,-0.194890231,0.143714965,0.081324407,-0.398306304,0.837379615,-0.502083145,0.078207509,-0.018537635,0.589536892,-1.368461691
TexiguatNE_2022_6,3/23/2022,5/22/2022,15.4872,-87.4588,376,1248,4_VeryLarge,2,-0.478333003,-0.443518793,-0.194890231,0.374689893,0.116037134,-0.389000253,0.837379615,-0.482466087,-0.41182611,-0.018537635,0.220978534,-1.368461691
TexiguatNE_2022_7,3/23/2022,6/8/2022,15.479,-87.4596,376,1248,4_VeryLarge,1,0.133197483,-0.472182319,-0.194890231,0.258948523,0.081324407,-0.402825942,0.837379615,-0.473132087,0.078207509,0.180365338,0.748474714,-1.345499143
TexiguatNE_2022_8,3/23/2022,6/7/2022,15.4801,-87.4453,376,1248,4_VeryLarge,1,0.097225102,-0.060865169,0.109454153,-0.130883515,0.030984356,-0.398306304,0.837379615,-0.483132939,-0.64761866,-0.042403511,0.530459854,-1.374724205
TexiguatNE_2022_9,3/24/2022,5/31/2022,15.5347,-87.3379,376,1248,4_VeryLarge,1,-0.190553951,-0.000573106,-0.194890231,-0.173410924,-0.530269763,-0.351688126,0.837379615,-0.502083145,0.629400919,-0.393992585,0.04240116,-1.172236275
Yoro_2017_1,8/29/2017,10/9/2017,15.0471,-87.0901,1138,283,3_Large,2,-1.161808253,-0.383354177,-0.194890231,-0.363661862,-0.214405712,-0.302384027,0.171371978,-0.502083145,0.649618947,1.67318015,1.35674647,-0.723422821
Yoro_2017_12,8/26/2017,10/14/2017,15.0375,-87.0884,1138,283,3_Large,1,-0.874029201,-0.096425182,-0.194890231,-0.363661862,-0.232957812,-0.329957255,0.171371978,-0.502083145,0.463739721,1.851902877,0.853720537,-0.6190476
Yoro_2017_3,8/28/2017,10/23/2017,15.0276,-87.1049,1138,283,3_Large,1,-0.62222253,-0.016938095,-0.194890231,-0.363661862,-0.219395137,-0.423124698,0.171371978,-0.502083145,1.027190078,2.130169875,0.946374873,-0.598172555
Yoro_2017_4,8/24/2017,10/1/2017,14.9878,-87.1278,1138,283,3_Large,1,-1.269725398,0.24662435,0.718142923,-0.363661862,-0.147226396,-0.439931391,0.171371978,-0.471580642,0.220744496,1.483613268,1.286265821,-0.93008576
Yoro_2017_5,8/22/2017,10/17/2017,15.0548,-87.0743,1138,283,3_Large,1,-0.62222253,-0.295142898,-0.194890231,-0.363661862,-0.20826333,-0.364758592,0.171371978,-0.502083145,0.44958707,1.650296257,1.212142353,-0.738035352
Yoro_2017_6,8/22/2017,10/10/2017,15.0558,-87.0853,1138,283,3_Large,1,-0.874029201,-0.414373528,-0.194890231,-0.363661862,-0.209939939,-0.343352793,0.171371978,-0.487084072,0.350013431,1.679120627,1.186246654,-0.748472874
Yoro_2017_8,8/17/2017,10/26/2017,15.011,-87.1369,1138,283,3_Large,1,-0.118609188,-0.350783859,-0.194890231,-0.363661862,-0.181784137,-0.403395717,0.171371978,-0.469111672,0.647344353,1.252748934,1.253163674,-0.942610787
Yoro_2017_9,8/20/2017,10/13/2017,15.0526,-87.1066,1138,283,3_Large,1,-0.694167293,-0.284839017,-0.194890231,-0.236208869,-0.202170929,-0.347843942,0.171371978,-0.456291057,-1.434983512,1.322731939,0.913668684,-0.806922999
